Jersey No.,Date,Activity Title,Position,Age,Height (cm),Weight (kg),Duration (min),Total Distance (m),Distance/min (m/min),RPE,Injury,Training Load
47406,17/10/2022,Recovery,CB,30,189,86,40,1911.5,47.7,2.0,0,91.18
47407,17/10/2022,Recovery,CB,24,188,89,55,5096.5,92.6,4.0,0,471.94
47409,17/10/2022,Recovery,CM,32,186,78,55,5688.5,103.4,6.0,0,588.19
47410,17/10/2022,Recovery,WF,29,185,80,40,2552.5,63.8,4.0,0,162.85
47411,17/10/2022,Recovery,CAM,25,186,84,40,2241.8,56.0,2.0,0,125.54
47413,17/10/2022,Recovery,WF,26,166,65,40,2639.7,65.9,2.0,0,173.96
47414,17/10/2022,Recovery,CM,30,186,80,40,2611.7,65.2,1.0,0,170.28
47415,17/10/2022,Recovery,CM,27,178,75,40,2169.7,54.2,2.0,0,117.6
47416,17/10/2022,Recovery,FB,23,180,82,55,5365.1,97.5,4.0,0,523.1
47420,17/10/2022,Recovery,WF,27,164,65,55,5490.5,99.8,6.0,0,547.95
47422,17/10/2022,Recovery,FB,34,173,86,55,5360.8,97.4,5.0,0,522.14
47423,17/10/2022,Recovery,CB,36,173,78,55,5783.5,105.1,5.0,0,607.85
47425,17/10/2022,Recovery,FB,30,173,72,40,2322.5,58.0,4.0,0,134.71
47426,17/10/2022,Recovery,CF,23,188,82,40,2562.6,64.0,4.0,0,164.01
47427,17/10/2022,Recovery,CDM,30,181,76,40,2546.7,63.6,4.0,0,161.97
47407,19/10/2022,Endurance ,CB,24,188,89,79,5774.8,72.8,4.0,0,420.41
47409,19/10/2022,Endurance ,CM,32,186,78,79,6649.9,83.8,7.0,0,557.26
47410,19/10/2022,Endurance,WF,29,185,80,79,5838.1,73.9,7.0,1,431.44
47411,19/10/2022,Endurance ,CAM,25,186,84,79,6500.6,81.9,3.0,0,532.4
47413,19/10/2022,Endurance ,WF,26,166,65,27,1617.2,59.9,2.0,0,96.87
47414,19/10/2022,Endurance ,CM,30,186,80,79,6660.2,83.9,3.0,0,558.79
47415,19/10/2022,Endurance ,CM,27,178,75,79,6207.3,78.2,4.0,0,485.41
47416,19/10/2022,Endurance ,FB,23,180,82,79,5927.8,74.7,4.0,0,442.81
47420,19/10/2022,Endurance ,WF,27,164,65,79,6126.7,77.7,7.0,0,476.04
47422,19/10/2022,Endurance ,FB,34,173,86,27,1800.1,66.7,4.0,0,120.07
47423,19/10/2022,Endurance ,CB,36,173,78,79,5914.6,74.5,4.0,0,440.64
47425,19/10/2022,Endurance ,FB,30,173,72,79,6101.8,76.9,7.0,0,469.23
47406,20/10/2022,Speed,CB,30,189,86,67,3642.4,54.4,3.0,0,198.15
47407,20/10/2022,Speed,CB,24,188,89,68,3754.8,55.4,3.0,0,208.02
47409,20/10/2022,Speed,CM,32,186,78,68,4051.3,59.8,5.0,0,242.27
47413,20/10/2022,Speed,WF,26,166,65,68,4024.4,59.4,3.0,0,239.05
47414,20/10/2022,Speed,CM,30,186,80,68,4336.3,64.0,3.0,0,277.52
47415,20/10/2022,Speed,CM,27,178,75,67,3868.1,57.7,3.0,0,223.19
47416,20/10/2022,Speed,FB,23,180,82,68,4240.9,62.6,3.0,0,265.48
47420,20/10/2022,Speed,WF,27,164,65,68,3805.1,56.1,7.0,0,213.47
47422,20/10/2022,Speed,FB,34,173,86,68,4134.3,61.0,4.0,0,252.19
47425,20/10/2022,Speed,FB,30,173,72,68,3543.3,52.3,6.0,0,185.31
47426,20/10/2022,Speed,CF,23,188,82,68,3515.4,51.9,6.0,0,182.45
47406,21/10/2022,Activation ,CB,30,189,86,60,3295.4,54.9,2.0,0,180.92
47407,21/10/2022,Activation ,CB,24,188,89,60,3698.4,61.6,3.0,0,227.82
47409,21/10/2022,Activation ,CM,32,186,78,60,3800.7,63.3,5.0,0,240.58
47410,21/10/2022,Activation ,WF,29,185,80,60,3336.0,55.6,5.0,0,185.48
47411,21/10/2022,Activation ,CAM,25,186,84,60,3874.4,64.6,3.0,0,250.29
47413,21/10/2022,Activation ,WF,26,166,65,60,3735.2,62.3,3.0,0,232.7
47414,21/10/2022,Activation ,CM,30,186,80,60,3736.4,62.3,2.0,0,232.78
47415,21/10/2022,Activation ,CM,27,178,75,60,3457.7,57.6,2.0,0,199.16
47416,21/10/2022,Activation ,FB,23,180,82,60,3693.1,61.6,2.0,0,227.49
47420,21/10/2022,Activation ,WF,27,164,65,60,3772.7,62.9,5.0,0,237.3
47422,21/10/2022,Activation ,FB,34,173,86,60,3390.5,56.5,2.0,0,191.56
47423,21/10/2022,Activation ,CB,36,173,78,60,3383.3,56.4,2.0,0,190.82
47425,21/10/2022,Activation ,FB,30,173,72,60,3518.7,58.6,5.0,0,206.2
47426,21/10/2022,Activation ,CF,23,188,82,60,2378.2,39.6,6.0,0,94.18
47406,24/10/2022,Recovery,CB,30,189,86,40,2061.4,51.5,3.0,0,106.16
47407,24/10/2022,Recovery,CB,24,188,89,55,5568.3,101.2,5.0,0,563.51
47409,24/10/2022,Recovery,CM,32,186,78,40,1842.8,46.0,3.0,0,84.77
47410,24/10/2022,Recovery,WF,29,185,80,40,2228.9,55.7,4.0,0,124.15
47411,24/10/2022,Recovery,CAM,25,186,84,40,2102.8,52.5,2.0,0,110.4
47413,24/10/2022,Recovery,WF,26,166,65,40,2787.2,69.6,2.0,0,193.99
47414,24/10/2022,Recovery,CM,30,186,80,40,2361.5,59.0,1.0,0,139.33
47415,24/10/2022,Recovery,CM,27,178,75,40,2681.3,67.0,2.0,0,179.65
47416,24/10/2022,Recovery,FB,23,180,82,55,5193.4,94.4,5.0,0,490.26
47420,24/10/2022,Recovery,WF,27,164,65,55,5404.4,98.2,6.0,0,530.71
47422,24/10/2022,Recovery,FB,34,173,86,55,5033.1,91.5,5.0,0,460.53
47423,24/10/2022,Recovery,CB,36,173,78,55,5804.5,105.5,6.0,0,612.37
47425,24/10/2022,Recovery,FB,30,173,72,40,1942.9,48.5,2.0,0,94.23
47426,24/10/2022,Recovery,CF,23,188,82,40,2025.9,50.6,3.0,0,102.51
47427,24/10/2022,Recovery,CDM,30,181,76,55,5398.5,98.1,5.0,0,529.59
47406,25/10/2022,Strength ,CB,30,189,86,64,3680.4,57.6,4.0,0,211.99
47407,25/10/2022,Strength ,CB,24,188,89,64,4199.9,65.8,5.0,0,276.35
47409,25/10/2022,Strength ,CM,32,186,78,64,4011.6,62.8,7.0,0,251.93
47410,25/10/2022,Strength ,WF,29,185,80,64,3974.1,62.2,7.0,0,247.19
47411,25/10/2022,Strength ,CAM,25,186,84,64,3783.9,59.2,4.0,0,224.01
47413,25/10/2022,Strength ,WF,26,166,65,63,3813.2,60.6,3.0,0,231.08
47414,25/10/2022,Strength ,CM,30,186,80,64,4149.7,65.0,4.0,0,269.73
47416,25/10/2022,Strength ,FB,23,180,82,62,3957.4,64.1,3.0,0,253.67
47420,25/10/2022,Strength ,WF,27,164,65,62,3661.2,59.2,6.0,0,216.74
47423,25/10/2022,Strength ,CB,36,173,78,62,3714.7,59.9,4.0,0,222.51
47425,25/10/2022,Strength ,FB,30,173,72,64,3972.1,62.2,7.0,0,247.06
47426,25/10/2022,Strength ,CF,23,188,82,61,3640.0,59.7,7.0,0,217.31
47427,25/10/2022,Strength ,CDM,30,181,76,63,4052.1,64.7,6.0,0,262.17
47406,26/10/2022,Endurance,CB,30,189,86,78,5118.6,66.0,3.0,0,337.83
47407,26/10/2022,Endurance,CB,24,188,89,78,5873.0,75.7,6.0,0,444.59
47409,26/10/2022,Endurance,CM,32,186,78,78,6560.0,84.1,8.0,1,551.7
47410,26/10/2022,Endurance,WF,29,185,80,78,5942.4,76.6,8.0,0,455.19
47411,26/10/2022,Endurance,CAM,25,186,84,78,6274.0,80.9,5.0,0,507.57
47414,26/10/2022,Endurance,CM,30,186,80,78,6605.4,85.1,4.0,0,562.12
47415,26/10/2022,Endurance,CM,27,178,75,78,6643.6,85.6,4.0,0,568.69
47420,26/10/2022,Endurance,WF,27,164,65,78,6261.2,80.7,6.0,0,505.28
47423,26/10/2022,Endurance,CB,36,173,78,78,5612.1,72.3,4.0,0,405.75
47425,26/10/2022,Endurance,FB,30,173,72,78,5800.9,74.8,8.0,0,433.91
47426,26/10/2022,Endurance,CF,23,188,82,78,5665.9,73.0,8.0,0,413.61
47406,28/10/2022,Speed,CB,30,189,86,63,3662.8,58.1,3.0,0,212.81
47407,28/10/2022,Speed,CB,24,188,89,63,3820.8,60.6,3.0,0,231.54
47413,28/10/2022,Speed,WF,26,166,65,63,4011.6,63.6,4.0,0,255.14
47414,28/10/2022,Speed,CM,30,186,80,63,3966.5,62.9,4.0,0,249.49
47415,28/10/2022,Speed,CM,27,178,75,63,3654.8,58.0,3.0,0,211.98
47416,28/10/2022,Speed,FB,23,180,82,63,3581.4,56.8,3.0,0,203.42
47420,28/10/2022,Speed,WF,27,164,65,63,3691.3,58.5,5.0,0,215.94
47422,28/10/2022,Speed,FB,34,173,86,63,3762.6,59.7,5.0,0,224.63
47425,28/10/2022,Speed,FB,30,173,72,63,3913.9,62.1,6.0,0,243.05
47426,28/10/2022,Speed,CF,23,188,82,63,3850.0,61.1,6.0,0,235.24
47406,29/10/2022,Activation ,CB,30,189,86,52,3413.8,65.6,3.0,0,223.95
47407,29/10/2022,Activation ,CB,24,188,89,52,3425.3,65.8,2.0,0,225.38
47409,29/10/2022,Activation ,CM,32,186,78,52,3416.7,65.7,5.0,0,224.48
47410,29/10/2022,Activation ,WF,29,185,80,52,3186.3,61.2,5.0,0,195.0
47411,29/10/2022,Activation ,CAM,25,186,84,52,3193.5,61.4,3.0,0,196.08
47413,29/10/2022,Activation ,WF,26,166,65,52,3706.3,71.2,3.0,0,263.89
47414,29/10/2022,Activation ,CM,30,186,80,52,3646.5,70.1,3.0,0,255.62
47415,29/10/2022,Activation ,CM,27,178,75,52,3667.9,70.5,3.0,0,258.59
47416,29/10/2022,Activation ,FB,23,180,82,52,3718.6,71.5,4.0,0,265.88
47420,29/10/2022,Activation ,WF,27,164,65,52,3401.3,65.4,6.0,0,222.45
47422,29/10/2022,Activation ,FB,34,173,86,52,3420.8,65.7,4.0,0,224.75
47425,29/10/2022,Activation ,FB,30,173,72,52,3684.8,70.8,6.0,0,260.88
47426,29/10/2022,Activation ,CF,23,188,82,52,3416.8,65.7,6.0,0,224.48
47427,29/10/2022,Activation ,CDM,30,181,76,52,3549.1,68.2,7.0,0,242.05
47406,01/11/2022,Strength,CB,30,189,86,63,4175.3,65.8,3.0,0,274.73
47407,01/11/2022,Strength,CB,24,188,89,63,4393.5,69.4,3.0,0,304.91
47409,01/11/2022,Strength,CM,32,186,78,63,4618.3,72.7,5.0,0,335.75
47410,01/11/2022,Strength,WF,29,185,80,63,4674.8,73.6,4.0,0,344.07
47411,01/11/2022,Strength,CAM,25,186,84,63,3969.2,62.6,3.0,0,248.47
47413,01/11/2022,Strength,WF,26,166,65,63,4106.2,64.7,2.0,0,265.67
47414,01/11/2022,Strength,CM,30,186,80,63,4646.4,73.2,2.0,0,340.12
47415,01/11/2022,Strength,CM,27,178,75,63,4254.3,67.0,2.0,0,285.04
47416,01/11/2022,Strength,FB,23,180,82,63,5122.6,80.7,3.0,0,413.39
47420,01/11/2022,Strength,WF,27,164,65,63,5099.0,80.3,5.0,0,409.45
47422,01/11/2022,Strength,FB,34,173,86,63,2760.4,43.5,4.0,0,120.08
47423,01/11/2022,Strength,CB,36,173,78,63,4364.0,68.7,5.0,0,299.81
47425,01/11/2022,Strength,FB,30,173,72,63,4475.2,70.5,5.0,0,315.5
47426,01/11/2022,Strength,CF,23,188,82,63,4093.9,64.5,5.0,0,264.06
47427,01/11/2022,Strength,CDM,30,181,76,62,4751.2,76.3,5.0,0,362.52
47406,02/11/2022,Endurance ,CB,30,189,86,96,4226.7,44.1,4.0,0,186.4
47407,02/11/2022,Endurance ,CB,24,188,89,96,5669.3,59.2,4.0,0,335.62
47409,02/11/2022,Endurance ,CM,32,186,78,96,5993.8,62.6,7.0,0,375.21
47410,02/11/2022,Endurance,WF,29,185,80,96,6090.1,63.4,8.0,1,386.11
47411,02/11/2022,Endurance ,CAM,25,186,84,96,5798.3,60.5,4.0,0,350.8
47413,02/11/2022,Endurance ,WF,26,166,65,96,5449.4,56.9,4.0,0,310.07
47414,02/11/2022,Endurance ,CM,30,186,80,96,6242.1,65.2,4.0,0,406.98
47415,02/11/2022,Endurance ,CM,27,178,75,96,5553.7,58.0,4.0,0,322.11
47416,02/11/2022,Endurance ,FB,23,180,82,96,6094.8,63.6,4.0,0,387.63
47420,02/11/2022,Endurance ,WF,27,164,65,96,5907.4,61.7,6.0,0,364.49
47423,02/11/2022,Endurance ,CB,36,173,78,96,5183.8,54.1,4.0,0,280.44
47425,02/11/2022,Endurance ,FB,30,173,72,96,5711.1,59.6,7.0,0,340.38
47426,02/11/2022,Endurance ,CF,23,188,82,96,5503.8,57.5,6.0,0,316.47
47427,02/11/2022,Endurance ,CDM,30,181,76,96,5751.8,60.0,6.0,0,345.11
47406,03/11/2022,Speed,CB,30,189,86,61,2753.6,45.4,2.0,0,125.01
47407,03/11/2022,Speed,CB,24,188,89,61,2784.1,45.9,2.0,0,127.79
47409,03/11/2022,Speed,CM,32,186,78,61,4302.5,70.9,5.0,0,305.05
47411,03/11/2022,Speed,CAM,25,186,84,61,3375.4,55.6,3.0,0,187.67
47413,03/11/2022,Speed,WF,26,166,65,61,3508.3,57.8,2.0,0,202.78
47414,03/11/2022,Speed,CM,30,186,80,61,4448.9,73.3,3.0,0,326.1
47415,03/11/2022,Speed,CM,27,178,75,61,3138.3,51.7,2.0,0,162.25
47416,03/11/2022,Speed,FB,23,180,82,61,3956.0,65.2,2.0,0,257.93
47420,03/11/2022,Speed,WF,27,164,65,61,3275.7,54.0,5.0,0,176.89
47423,03/11/2022,Speed,CB,36,173,78,61,2672.5,44.0,3.0,0,117.59
47425,03/11/2022,Speed,FB,30,173,72,61,2995.2,49.4,5.0,0,147.96
47426,03/11/2022,Speed,CF,23,188,82,61,3416.4,56.3,5.0,0,192.34
47427,03/11/2022,Speed,CDM,30,181,76,61,3443.9,56.8,6.0,0,195.61
47406,04/11/2022,Activation ,CB,30,189,86,52,3487.2,67.0,3.0,0,233.64
47407,04/11/2022,Activation ,CB,24,188,89,52,3531.9,67.9,3.0,0,239.82
47409,04/11/2022,Activation ,CM,32,186,78,52,3545.8,68.1,4.0,0,241.47
47410,04/11/2022,Activation ,WF,29,185,80,52,3571.1,68.6,5.0,0,244.98
47411,04/11/2022,Activation ,CAM,25,186,84,52,3367.6,64.7,3.0,0,217.88
47413,04/11/2022,Activation ,WF,26,166,65,52,3523.2,67.7,3.0,0,238.52
47414,04/11/2022,Activation ,CM,30,186,80,52,3341.9,64.2,2.0,0,214.55
47415,04/11/2022,Activation ,CM,27,178,75,52,3513.7,67.6,3.0,0,237.53
47416,04/11/2022,Activation ,FB,23,180,82,52,3371.2,64.8,3.0,0,218.45
47420,04/11/2022,Activation ,WF,27,164,65,52,3462.6,66.6,5.0,0,230.61
47422,04/11/2022,Activation ,FB,34,173,86,52,3649.3,70.1,5.0,0,255.82
47423,04/11/2022,Activation ,CB,36,173,78,52,3315.3,63.7,3.0,0,211.18
47425,04/11/2022,Activation ,FB,30,173,72,52,3459.3,66.5,5.0,0,230.04
47426,04/11/2022,Activation ,CF,23,188,82,52,3664.5,70.4,5.0,0,257.98
47427,04/11/2022,Activation ,CDM,30,181,76,52,3452.1,66.4,4.0,0,229.22
47407,07/11/2022,Strength ,CB,24,188,89,21,1349.8,65.8,1.0,0,88.82
47409,07/11/2022,Strength ,CM,32,186,78,21,1371.8,66.9,3.0,0,91.77
47410,07/11/2022,Strength ,WF,29,185,80,21,82.2,4.0,2.0,0,0.33
47411,07/11/2022,Strength ,CAM,25,186,84,21,1419.3,69.2,2.0,0,98.22
47413,07/11/2022,Strength ,WF,26,166,65,21,126.2,6.2,1.0,0,0.78
47414,07/11/2022,Strength ,CM,30,186,80,21,1243.6,60.7,1.0,0,75.49
47415,07/11/2022,Strength ,CM,27,178,75,59,4968.1,84.7,3.0,0,420.8
47416,07/11/2022,Strength ,FB,23,180,82,59,5216.3,88.9,4.0,0,463.73
47420,07/11/2022,Strength ,WF,27,164,65,59,5117.4,87.2,7.0,0,446.24
47422,07/11/2022,Strength ,FB,34,173,86,59,4154.1,70.9,3.0,0,294.53
47423,07/11/2022,Strength ,CB,36,173,78,59,4983.5,84.9,5.0,0,423.1
47425,07/11/2022,Strength ,FB,30,173,72,21,1272.6,62.1,4.0,0,79.03
47426,07/11/2022,Strength ,CF,23,188,82,21,1280.9,62.5,4.0,0,80.06
47427,07/11/2022,Strength ,CDM,30,181,76,21,1199.3,58.5,5.0,0,70.16
47406,08/11/2022,Strength,CB,30,189,86,68,3266.5,48.3,3.0,0,157.77
47407,08/11/2022,Strength,CB,24,188,89,68,3747.2,55.4,4.0,0,207.59
47409,08/11/2022,Strength,CM,32,186,78,68,4085.7,60.4,7.0,0,246.78
47410,08/11/2022,Strength,WF,29,185,80,62,3590.2,58.1,7.0,0,208.59
47413,08/11/2022,Strength,WF,26,166,65,68,3698.0,54.7,4.0,0,202.28
47414,08/11/2022,Strength,CM,30,186,80,68,4337.0,64.1,4.0,0,278.0
47415,08/11/2022,Strength,CM,27,178,75,68,4025.8,59.5,3.0,0,239.54
47420,08/11/2022,Strength,WF,27,164,65,68,4170.3,61.6,6.0,0,256.89
47422,08/11/2022,Strength,FB,34,173,86,66,4020.5,60.6,5.0,0,243.64
47423,08/11/2022,Strength,CB,36,173,78,68,3889.2,57.5,5.0,0,223.63
47425,08/11/2022,Strength,FB,30,173,72,68,3834.9,56.7,7.0,0,217.44
47426,08/11/2022,Strength,CF,23,188,82,68,3817.3,56.4,6.0,0,215.3
47427,08/11/2022,Strength,CDM,30,181,76,68,4313.1,63.7,7.0,0,274.74
47406,09/11/2022,Endurance ,CB,30,189,86,96,5320.0,55.4,5.0,0,294.73
47407,09/11/2022,Endurance ,CB,24,188,89,96,6028.2,62.7,5.0,0,377.97
47409,09/11/2022,Endurance ,CM,32,186,78,96,6171.9,64.3,7.0,0,396.85
47410,09/11/2022,Endurance ,WF,29,185,80,96,6452.6,67.2,8.0,0,433.61
47411,09/11/2022,Endurance ,CAM,25,186,84,96,6796.2,70.8,4.0,0,481.17
47413,09/11/2022,Endurance ,WF,26,166,65,96,6308.1,65.7,4.0,0,414.44
47414,09/11/2022,Endurance ,CM,30,186,80,96,6599.4,68.7,4.0,0,453.38
47415,09/11/2022,Endurance ,CM,27,178,75,96,6252.0,65.1,4.0,0,407.01
47416,09/11/2022,Endurance ,FB,23,180,82,96,5982.9,62.3,4.0,0,372.73
47420,09/11/2022,Endurance ,WF,27,164,65,96,6120.1,63.7,7.0,0,389.85
47423,09/11/2022,Endurance ,CB,36,173,78,96,5352.4,55.7,5.0,0,298.13
47425,09/11/2022,Endurance ,FB,30,173,72,96,5901.2,61.5,7.0,0,362.92
47426,09/11/2022,Endurance ,CF,23,188,82,96,6102.0,63.6,6.0,0,388.09
47427,09/11/2022,Endurance ,CDM,30,181,76,96,6685.0,69.6,7.0,0,465.28
47406,10/11/2022,Speed,CB,30,189,86,63,4168.0,66.2,2.0,0,275.92
47407,10/11/2022,Speed,CB,24,188,89,63,4507.6,71.5,3.0,0,322.29
47409,10/11/2022,Speed,CM,32,186,78,63,4770.3,75.7,6.0,0,361.11
47410,10/11/2022,Speed,WF,29,185,80,63,4486.2,71.3,6.0,0,319.87
47411,10/11/2022,Speed,CAM,25,186,84,63,4820.6,76.5,3.0,0,368.78
47413,10/11/2022,Speed,WF,26,166,65,63,4874.3,77.4,3.0,0,377.27
47414,10/11/2022,Speed,CM,30,186,80,63,5136.4,81.5,3.0,0,418.62
47415,10/11/2022,Speed,CM,27,178,75,63,4674.6,74.2,3.0,0,346.86
47416,10/11/2022,Speed,FB,23,180,82,63,4833.5,76.7,3.0,0,370.73
47420,10/11/2022,Speed,WF,27,164,65,63,5009.2,79.5,6.0,0,398.23
47422,10/11/2022,Speed,FB,34,173,86,63,4502.4,71.5,2.0,0,321.92
47425,10/11/2022,Speed,FB,30,173,72,63,4539.9,72.1,6.0,0,327.33
47426,10/11/2022,Speed,CF,23,188,82,63,4585.0,72.8,6.0,0,333.79
47427,10/11/2022,Speed,CDM,30,181,76,63,4926.3,78.2,8.0,0,385.24
47406,11/11/2022,Activation ,CB,30,189,86,52,3204.5,61.6,2.0,0,197.4
47407,11/11/2022,Activation ,CB,24,188,89,52,3436.7,66.1,3.0,0,227.17
47409,11/11/2022,Activation ,CM,32,186,78,52,4733.1,91.0,6.0,0,430.71
47410,11/11/2022,Activation ,WF,29,185,80,52,3490.3,67.1,6.0,0,234.2
47411,11/11/2022,Activation ,CAM,25,186,84,52,3606.7,69.4,3.0,0,250.3
47413,11/11/2022,Activation ,WF,26,166,65,52,3471.0,66.7,3.0,0,231.52
47414,11/11/2022,Activation ,CM,30,186,80,52,3781.7,72.7,3.0,0,274.93
47415,11/11/2022,Activation ,CM,27,178,75,52,3332.6,64.1,3.0,0,213.62
47416,11/11/2022,Activation ,FB,23,180,82,52,3281.9,63.1,3.0,0,207.09
47420,11/11/2022,Activation ,WF,27,164,65,52,3370.6,64.8,6.0,0,218.41
47422,11/11/2022,Activation ,FB,34,173,86,52,3355.7,64.5,2.0,0,216.44
47425,11/11/2022,Activation ,FB,30,173,72,52,3168.9,60.9,6.0,0,192.99
47426,11/11/2022,Activation ,CF,23,188,82,52,3169.1,60.9,6.0,0,193.0
47427,11/11/2022,Activation ,CDM,30,181,76,52,3545.2,68.2,8.0,0,241.78
47410,17/11/2022,Strength,WF,29,185,80,92,4445.2,48.5,7.0,0,215.59
47411,17/11/2022,Strength,CAM,25,186,84,91,4178.6,45.7,4.0,0,190.96
47416,17/11/2022,Strength,FB,23,180,82,92,4892.3,53.4,4.0,0,261.25
47420,17/11/2022,Strength,WF,27,164,65,91,4401.3,48.3,6.0,0,212.58
47422,17/11/2022,Strength,FB,34,173,86,91,4826.8,53.1,5.0,0,256.3
47423,17/11/2022,Strength,CB,36,173,78,91,4087.8,44.8,5.0,0,183.13
47425,17/11/2022,Strength,FB,30,173,72,92,4103.3,44.8,6.0,0,183.83
47409,18/11/2022,Endurance,CM,32,186,78,88,5394.8,61.3,7.0,0,330.7
47410,18/11/2022,Endurance,WF,29,185,80,88,4491.7,51.1,7.0,0,229.53
47416,18/11/2022,Endurance,FB,23,180,82,87,5358.0,61.9,5.0,0,331.66
47423,18/11/2022,Endurance,CB,36,173,78,88,4901.7,55.7,5.0,0,273.02
47425,18/11/2022,Endurance,FB,30,173,72,88,4824.1,54.9,6.0,0,264.84
47426,18/11/2022,Endurance,CF,23,188,82,88,5231.8,59.5,6.0,0,311.29
47409,19/11/2022,Endurance,CM,32,186,78,56,4605.9,82.2,7.0,0,378.6
47410,19/11/2022,Endurance,WF,29,185,80,56,4530.0,80.9,7.0,0,366.48
47416,19/11/2022,Endurance,FB,23,180,82,56,4536.0,81.0,6.0,0,367.42
47420,19/11/2022,Endurance,WF,27,164,65,56,4460.5,79.6,7.0,0,355.06
47425,19/11/2022,Endurance,FB,30,173,72,56,4419.0,78.9,7.0,0,348.66
47426,19/11/2022,Endurance,CF,23,188,82,56,4209.6,75.1,6.0,0,316.14
47409,21/11/2022,Activation,CM,32,186,78,60,2008.3,33.5,4.0,0,67.28
47410,21/11/2022,Activation,WF,29,185,80,60,1845.9,30.8,5.0,0,56.85
47411,21/11/2022,Activation,CAM,25,186,84,60,1671.9,27.9,3.0,0,46.65
47416,21/11/2022,Activation,FB,23,180,82,60,1990.3,33.2,3.0,0,66.08
47420,21/11/2022,Activation,WF,27,164,65,60,1883.5,31.4,5.0,0,59.14
47422,21/11/2022,Activation,FB,34,173,86,60,1918.3,32.0,3.0,0,61.39
47423,21/11/2022,Activation,CB,36,173,78,60,1711.2,28.6,2.0,0,48.94
47425,21/11/2022,Activation,FB,30,173,72,60,1735.8,29.0,4.0,0,50.34
47426,21/11/2022,Activation,CF,23,188,82,60,1907.8,31.9,4.0,0,60.86
47427,21/11/2022,Activation,CDM,30,181,76,60,1888.9,31.5,5.0,0,59.5
47409,22/11/2022,Endurance,CM,32,186,78,85,6601.9,77.4,7.0,0,510.99
47410,22/11/2022,Endurance,WF,29,185,80,85,6384.7,74.8,8.0,0,477.58
47411,22/11/2022,Endurance,CAM,25,186,84,85,5679.3,66.6,4.0,0,378.24
47414,22/11/2022,Endurance,CM,30,186,80,15,1212.5,80.0,3.0,0,97.0
47416,22/11/2022,Endurance,FB,23,180,82,85,6068.5,71.1,4.0,0,431.47
47422,22/11/2022,Endurance,FB,34,173,86,85,6429.5,75.4,5.0,0,484.78
47423,22/11/2022,Endurance,CB,36,173,78,85,5230.5,61.3,4.0,0,320.63
47425,22/11/2022,Endurance,FB,30,173,72,85,6194.9,72.6,8.0,0,449.75
47426,22/11/2022,Endurance,CF,23,188,82,44,2561.1,58.0,6.0,0,148.54
47427,22/11/2022,Endurance,CDM,30,181,76,85,6839.5,80.2,7.0,0,548.53
47409,24/11/2022,Endurance,CM,32,186,78,80,3847.5,48.1,7.0,0,185.06
47410,24/11/2022,Endurance,WF,29,185,80,80,3520.8,44.0,8.0,0,154.92
47411,24/11/2022,Endurance,CAM,25,186,84,80,3622.6,45.3,4.0,0,164.1
47414,24/11/2022,Endurance,CM,30,186,80,80,3880.2,48.5,3.0,0,188.19
47416,24/11/2022,Endurance,FB,23,180,82,80,3733.6,46.7,4.0,0,174.36
47422,24/11/2022,Endurance,FB,34,173,86,80,3678.2,46.0,5.0,0,169.2
47423,24/11/2022,Endurance,CB,36,173,78,80,3390.6,42.4,3.0,0,143.76
47425,24/11/2022,Endurance,FB,30,173,72,80,3300.8,41.3,7.0,0,136.32
47426,24/11/2022,Endurance,CF,23,188,82,46,1848.1,40.4,5.0,0,74.66
47427,24/11/2022,Endurance,CDM,30,181,76,80,3960.0,49.5,7.0,0,196.02
47406,25/11/2022,Endurance ,CB,30,189,86,81,5561.0,68.6,4.0,0,381.48
47407,25/11/2022,Endurance ,CB,24,188,89,81,5570.8,68.7,4.0,0,382.71
47409,25/11/2022,Endurance ,CM,32,186,78,81,6005.0,74.1,7.0,0,444.97
47410,25/11/2022,Endurance,WF,29,185,80,34,3396.2,99.8,8.0,1,338.94
47411,25/11/2022,Endurance ,CAM,25,186,84,81,5503.7,67.9,3.0,0,373.7
47413,25/11/2022,Endurance ,WF,26,166,65,81,5660.7,69.8,3.0,0,395.12
47414,25/11/2022,Endurance ,CM,30,186,80,81,6119.8,75.5,3.0,0,462.04
47416,25/11/2022,Endurance ,FB,23,180,82,81,5466.7,67.4,3.0,0,368.46
47420,25/11/2022,Endurance ,WF,27,164,65,52,3961.9,75.6,5.0,0,299.52
47422,25/11/2022,Endurance ,FB,34,173,86,81,5308.3,65.5,5.0,0,347.69
47425,25/11/2022,Endurance ,FB,30,173,72,81,4995.0,61.6,7.0,0,307.69
47426,25/11/2022,Endurance ,CF,23,188,82,81,5356.5,66.1,8.0,0,354.06
47427,25/11/2022,Endurance ,CDM,30,181,76,81,6275.3,77.4,8.0,0,485.71
47406,26/11/2022,Endurance ,CB,30,189,86,83,5290.7,63.7,3.0,0,337.02
47407,26/11/2022,Endurance ,CB,24,188,89,83,5591.3,67.4,3.0,0,376.85
47409,26/11/2022,Endurance ,CM,32,186,78,83,5414.3,65.2,5.0,0,353.01
47410,26/11/2022,Endurance ,WF,29,185,80,21,1570.4,74.7,6.0,0,117.31
47411,26/11/2022,Endurance ,CAM,25,186,84,83,5847.3,70.4,4.0,0,411.65
47413,26/11/2022,Endurance ,WF,26,166,65,83,5706.9,68.8,3.0,0,392.63
47414,26/11/2022,Endurance ,CM,30,186,80,83,5929.6,71.4,4.0,0,423.37
47416,26/11/2022,Endurance ,FB,23,180,82,83,5480.7,66.0,3.0,0,361.73
47422,26/11/2022,Endurance ,FB,34,173,86,83,5825.1,70.2,3.0,0,408.92
47425,26/11/2022,Endurance ,FB,30,173,72,83,5653.3,68.1,6.0,0,384.99
47426,26/11/2022,Endurance ,CF,23,188,82,83,5507.3,66.4,7.0,0,365.68
47427,26/11/2022,Endurance ,CDM,30,181,76,83,6166.1,74.3,6.0,0,458.14
47406,28/11/2022,Strength,CB,30,189,86,59,4020.25,68.1,3.0,0,273.78
47407,28/11/2022,Strength,CB,24,188,89,59,4064.22,68.8,2.0,0,279.62
47409,28/11/2022,Strength,CM,32,186,78,59,4025.64,68.2,4.0,0,274.55
47410,28/11/2022,Strength,WF,29,185,80,59,4115.08,69.7,5.0,0,286.82
47411,28/11/2022,Strength,CAM,25,186,84,59,4165.91,70.6,4.0,0,294.11
47413,28/11/2022,Strength,WF,26,166,65,59,4030.37,68.3,3.0,0,275.27
47414,28/11/2022,Strength,CM,30,186,80,59,4324.26,73.3,4.0,0,316.97
47416,28/11/2022,Strength,FB,23,180,82,59,4133.27,70.0,3.0,0,289.33
47422,28/11/2022,Strength,FB,34,173,86,59,4003.22,67.8,3.0,0,271.42
47423,28/11/2022,Strength,CB,36,173,78,59,4161.67,70.5,3.0,0,293.4
47425,28/11/2022,Strength,FB,30,173,72,59,4020.21,68.1,5.0,0,273.78
47426,28/11/2022,Strength,CF,23,188,82,59,3945.46,66.8,4.0,0,263.56
47427,28/11/2022,Strength,CDM,30,181,76,59,4143.95,70.2,5.0,0,290.91
47406,29/11/2022,Speed,CB,30,189,86,80,7027.5,88.1,5.0,0,619.12
47407,29/11/2022,Speed,CB,24,188,89,80,7040.9,88.3,5.0,0,621.71
47409,29/11/2022,Speed,CM,32,186,78,80,1716.8,21.5,7.0,0,36.91
47410,29/11/2022,Speed,WF,29,185,80,46,3830.9,82.4,6.0,0,315.67
47411,29/11/2022,Speed,CAM,25,186,84,80,7417.7,93.0,5.0,0,689.85
47413,29/11/2022,Speed,WF,26,166,65,80,6994.7,87.7,4.0,0,613.44
47414,29/11/2022,Speed,CM,30,186,80,80,7144.8,89.6,4.0,0,640.17
47416,29/11/2022,Speed,FB,23,180,82,80,6861.3,86.1,4.0,0,590.76
47422,29/11/2022,Speed,FB,34,173,86,80,6590.9,82.8,5.0,0,545.73
47423,29/11/2022,Speed,CB,36,173,78,80,1274.1,16.0,5.0,0,20.39
47425,29/11/2022,Speed,FB,30,173,72,80,6537.0,82.0,8.0,0,536.03
47426,29/11/2022,Speed,CF,23,188,82,80,6935.6,87.0,5.0,0,603.4
47427,29/11/2022,Speed,CDM,30,181,76,80,7600.5,95.3,7.0,0,724.33
47407,01/12/2022,Speed,CB,24,188,89,78,5072.1,64.9,4.0,0,329.18
47410,01/12/2022,Speed,WF,29,185,80,78,5344.1,68.4,6.0,0,365.54
47411,01/12/2022,Speed,CAM,25,186,84,78,5850.6,74.9,4.0,0,438.21
47413,01/12/2022,Speed,WF,26,166,65,78,4800.9,61.4,3.0,0,294.78
47414,01/12/2022,Speed,CM,30,186,80,78,6076.2,77.8,4.0,0,472.73
47416,01/12/2022,Speed,FB,23,180,82,78,5411.8,69.3,3.0,0,375.04
47420,01/12/2022,Speed,WF,27,164,65,75,5319.5,70.5,6.0,0,375.02
47422,01/12/2022,Speed,FB,34,173,86,78,5007.7,64.1,5.0,0,320.99
47423,01/12/2022,Speed,CB,36,173,78,78,4897.6,62.7,5.0,0,307.08
47425,01/12/2022,Speed,FB,30,173,72,78,5019.1,64.2,6.0,0,322.23
47426,01/12/2022,Speed,CF,23,188,82,78,5311.7,68.0,6.0,0,361.2
47427,01/12/2022,Speed,CDM,30,181,76,78,5666.8,72.5,7.0,0,410.84
47406,02/12/2022,Activation,CB,30,189,86,57,3414.4,60.0,2.0,0,204.86
47407,02/12/2022,Activation,CB,24,188,89,57,3433.2,60.4,2.0,0,207.37
47409,02/12/2022,Activation,CM,32,186,78,57,3537.3,62.2,5.0,0,220.02
47410,02/12/2022,Activation,WF,29,185,80,26,1573.9,61.4,5.0,0,96.64
47411,02/12/2022,Activation,CAM,25,186,84,57,3340.3,58.7,2.0,0,196.08
47413,02/12/2022,Activation,WF,26,166,65,57,3305.4,58.1,2.0,0,192.04
47416,02/12/2022,Activation,FB,23,180,82,57,3428.8,60.3,2.0,0,206.76
47420,02/12/2022,Activation,WF,27,164,65,57,3409.5,59.9,4.0,0,204.23
47422,02/12/2022,Activation,FB,34,173,86,50,3092.2,61.4,2.0,0,189.86
47423,02/12/2022,Activation,CB,36,173,78,55,2987.2,53.8,3.0,0,160.71
47425,02/12/2022,Activation,FB,30,173,72,57,3172.8,55.8,5.0,0,177.04
47426,02/12/2022,Activation,CF,23,188,82,56,3217.3,57.2,6.0,0,184.03
47427,02/12/2022,Activation,CDM,30,181,76,56,3593.2,63.9,6.0,0,229.61
47410,05/12/2022,Speed,WF,29,185,80,51,3923.1,76.4,6.0,0,299.72
47415,05/12/2022,Speed,CM,27,178,75,51,4003.1,78.0,4.0,0,312.24
47420,05/12/2022,Speed,WF,27,164,65,51,3927.4,77.3,5.0,0,303.59
47422,05/12/2022,Speed,FB,34,173,86,51,3887.6,76.0,4.0,0,295.46
47423,05/12/2022,Speed,CB,36,173,78,51,3734.2,73.2,4.0,0,273.34
47407,06/12/2022,Speed,CB,24,188,89,61,3264.3,53.1,2.0,0,173.33
47409,06/12/2022,Speed,CM,32,186,78,61,3072.3,50.0,2.0,0,153.62
47410,06/12/2022,Speed,WF,29,185,80,61,3118.3,50.7,3.0,0,158.1
47411,06/12/2022,Speed,CAM,25,186,84,61,3663.9,59.6,2.0,0,218.37
47413,06/12/2022,Speed,WF,26,166,65,61,3177.4,51.7,1.0,0,164.27
47414,06/12/2022,Speed,CM,30,186,80,61,3965.1,64.5,1.0,0,255.75
47415,06/12/2022,Speed,CM,27,178,75,61,3480.0,56.6,1.0,0,196.97
47416,06/12/2022,Speed,FB,23,180,82,61,3669.1,59.7,1.0,0,219.05
47420,06/12/2022,Speed,WF,27,164,65,61,3304.2,53.7,3.0,0,177.44
47425,06/12/2022,Speed,FB,30,173,72,61,3248.9,52.8,2.0,0,171.54
47426,06/12/2022,Speed,CF,23,188,82,61,3423.5,55.7,2.0,0,190.69
47427,06/12/2022,Speed,CDM,30,181,76,61,3090.8,50.3,3.0,0,155.47
47406,07/12/2022,Activation,CB,30,189,86,60,3591.5,59.9,2.0,0,215.13
47407,07/12/2022,Activation,CB,24,188,89,60,3704.8,61.8,2.0,0,228.96
47409,07/12/2022,Activation,CM,32,186,78,60,2496.0,41.6,2.0,0,103.83
47410,07/12/2022,Activation,WF,29,185,80,60,3656.4,61.0,2.0,0,223.04
47413,07/12/2022,Activation,WF,26,166,65,60,4091.9,68.3,1.0,0,279.48
47414,07/12/2022,Activation,CM,30,186,80,60,4055.9,67.7,1.0,0,274.58
47415,07/12/2022,Activation,CM,27,178,75,60,3796.7,63.3,1.0,0,240.33
47416,07/12/2022,Activation,FB,23,180,82,60,3604.9,60.1,2.0,0,216.65
47420,07/12/2022,Activation,WF,27,164,65,60,3621.7,60.4,2.0,0,218.75
47422,07/12/2022,Activation,FB,34,173,86,60,3286.4,54.8,2.0,0,180.09
47423,07/12/2022,Activation,CB,36,173,78,60,3321.6,55.4,2.0,0,184.02
47425,07/12/2022,Activation,FB,30,173,72,60,3337.2,55.7,3.0,0,185.88
47426,07/12/2022,Activation,CF,23,188,82,60,3490.2,58.2,3.0,0,203.13
47427,07/12/2022,Activation,CDM,30,181,76,60,3964.0,66.1,2.0,0,262.02
47406,10/12/2022,Endurance ,CB,30,189,86,79,5277.2,66.5,3.0,0,350.93
47407,10/12/2022,Endurance ,CB,24,188,89,79,5540.2,69.8,3.0,0,386.71
47409,10/12/2022,Endurance ,CM,32,186,78,59,3478.6,58.6,5.0,0,203.85
47411,10/12/2022,Endurance ,CAM,25,186,84,79,6136.7,77.3,3.0,0,474.37
47413,10/12/2022,Endurance ,WF,26,166,65,79,5769.7,72.7,3.0,0,419.46
47414,10/12/2022,Endurance ,CM,30,186,80,79,6659.4,83.9,4.0,0,558.72
47415,10/12/2022,Endurance ,CM,27,178,75,79,5898.0,74.3,3.0,0,438.22
47416,10/12/2022,Endurance ,FB,23,180,82,79,5919.9,74.6,4.0,0,441.62
47420,10/12/2022,Endurance ,WF,27,164,65,79,5711.1,72.0,5.0,0,411.2
47422,10/12/2022,Endurance ,FB,34,173,86,79,5439.6,68.5,4.0,0,372.61
47423,10/12/2022,Endurance ,CB,36,173,78,79,5245.6,66.1,4.0,0,346.73
47425,10/12/2022,Endurance ,FB,30,173,72,79,5619.8,70.8,6.0,0,397.88
47426,10/12/2022,Endurance ,CF,23,188,82,79,5936.9,74.8,6.0,0,444.08
47427,10/12/2022,Endurance ,CDM,30,181,76,79,6084.3,76.7,6.0,0,466.67
47406,14/12/2022,Recovery,CB,30,189,86,42,2268.4,54.0,4.0,0,122.49
47407,14/12/2022,Recovery,CB,24,188,89,42,2722.8,64.8,1.0,0,176.44
47409,14/12/2022,Recovery,CM,32,186,78,42,2513.7,59.9,3.0,0,150.57
47410,14/12/2022,Recovery,WF,29,185,80,42,2715.4,64.7,4.0,0,175.69
47413,14/12/2022,Recovery,WF,26,166,65,42,2656.7,63.3,1.0,0,168.17
47414,14/12/2022,Recovery,CM,30,186,80,42,3025.2,72.0,2.0,0,217.81
47415,14/12/2022,Recovery,CM,27,178,75,42,3241.7,77.2,3.0,0,250.26
47416,14/12/2022,Recovery,FB,23,180,82,42,2711.2,64.6,3.0,0,175.14
47420,14/12/2022,Recovery,WF,27,164,65,42,2917.9,69.5,4.0,0,202.79
47422,14/12/2022,Recovery,FB,34,173,86,42,3411.2,81.2,4.0,0,276.99
47423,14/12/2022,Recovery,CB,36,173,78,42,2540.8,60.5,3.0,0,153.72
47426,14/12/2022,Recovery,CF,23,188,82,42,2651.3,63.1,5.0,0,167.3
47427,14/12/2022,Recovery,CDM,30,181,76,42,2749.0,65.5,6.0,0,180.06
47406,15/12/2022,Endurance ,CB,30,189,86,72,3766.2,52.5,4.0,0,197.73
47407,15/12/2022,Endurance ,CB,24,188,89,72,4012.1,56.0,4.0,0,224.68
47409,15/12/2022,Endurance ,CM,32,186,78,72,4581.4,63.9,7.0,0,292.75
47410,15/12/2022,Endurance ,WF,29,185,80,71,4209.1,58.9,6.0,0,247.92
47413,15/12/2022,Endurance ,WF,26,166,65,72,4142.9,57.8,3.0,0,239.46
47414,15/12/2022,Endurance ,CM,30,186,80,72,4746.4,66.2,4.0,0,314.21
47415,15/12/2022,Endurance ,CM,27,178,75,72,4938.7,68.9,4.0,0,340.28
47416,15/12/2022,Endurance ,FB,23,180,82,72,4351.5,60.7,3.0,0,264.14
47420,15/12/2022,Endurance ,WF,27,164,65,72,4512.1,62.9,6.0,0,283.81
47422,15/12/2022,Endurance ,FB,34,173,86,71,4155.9,58.6,5.0,0,243.54
47423,15/12/2022,Endurance ,CB,36,173,78,72,3851.2,53.7,4.0,0,206.81
47426,15/12/2022,Endurance ,CF,23,188,82,72,4293.0,59.9,5.0,0,257.15
47427,15/12/2022,Endurance ,CDM,30,181,76,70,4777.9,67.9,6.0,0,324.42
47406,16/12/2022,Activation,CB,30,189,86,49,2730.9,55.8,2.0,0,152.38
47407,16/12/2022,Activation,CB,24,188,89,49,2987.3,61.0,2.0,0,182.23
47409,16/12/2022,Activation,CM,32,186,78,49,3043.3,62.1,2.0,0,188.99
47410,16/12/2022,Activation,WF,29,185,80,49,2627.7,53.7,2.0,0,141.11
47413,16/12/2022,Activation,WF,26,166,65,49,2981.5,60.8,1.0,0,181.28
47414,16/12/2022,Activation,CM,30,186,80,49,3285.4,67.4,1.0,0,221.44
47415,16/12/2022,Activation,CM,27,178,75,49,2911.6,59.4,1.0,0,172.95
47416,16/12/2022,Activation,FB,23,180,82,49,3070.9,62.7,2.0,0,192.55
47420,16/12/2022,Activation,WF,27,164,65,48,3113.4,64.3,2.0,0,200.19
47422,16/12/2022,Activation,FB,34,173,86,49,3032.7,61.9,2.0,0,187.72
47423,16/12/2022,Activation,CB,36,173,78,49,3214.3,65.6,2.0,0,210.86
47426,16/12/2022,Activation,CF,23,188,82,47,2845.3,60.2,3.0,0,171.29
47427,16/12/2022,Activation,CDM,30,181,76,47,3003.4,63.5,2.0,0,190.72
47407,20/12/2022,Strength,CB,24,188,89,69,5785.6,84.4,4.0,0,488.3
47409,20/12/2022,Strength,CM,32,186,78,69,5648.4,82.4,7.0,0,465.43
47411,20/12/2022,Strength,CAM,25,186,84,69,5770.2,84.2,5.0,0,485.85
47414,20/12/2022,Strength,CM,30,186,80,46,3496.8,76.3,3.0,0,266.81
47415,20/12/2022,Strength,CM,27,178,75,69,5486.9,80.0,3.0,0,438.95
47416,20/12/2022,Strength,FB,23,180,82,69,5855.5,85.4,5.0,0,500.06
47423,20/12/2022,Strength,CB,36,173,78,69,5712.1,83.3,4.0,0,475.82
47427,20/12/2022,Strength,CDM,30,181,76,69,6409.4,93.5,6.0,0,599.28
47406,29/12/2022,Strength,CB,30,189,86,65,3967.3,61.5,4.0,0,243.99
47407,29/12/2022,Strength,CB,24,188,89,65,4157.9,64.4,4.0,0,267.77
47409,29/12/2022,Strength,CM,32,186,78,65,4338.0,67.2,6.0,0,291.51
47410,29/12/2022,Strength,WF,29,185,80,65,4352.7,67.5,7.0,0,293.81
47411,29/12/2022,Strength,CAM,25,186,84,65,4000.1,62.0,5.0,0,248.01
47413,29/12/2022,Strength,WF,26,166,65,65,3993.9,61.9,3.0,0,247.22
47414,29/12/2022,Strength,CM,30,186,80,65,4433.8,68.7,4.0,0,304.6
47415,29/12/2022,Strength,CM,27,178,75,65,4070.8,63.1,4.0,0,256.87
47416,29/12/2022,Strength,FB,23,180,82,65,4486.0,69.5,4.0,0,311.78
47420,29/12/2022,Strength,WF,27,164,65,65,4548.1,70.5,6.0,0,320.64
47422,29/12/2022,Strength,FB,34,173,86,65,4523.4,70.1,6.0,0,317.09
47423,29/12/2022,Strength,CB,36,173,78,65,4234.2,65.6,5.0,0,277.76
47425,29/12/2022,Strength,FB,30,173,72,65,4226.2,65.5,6.0,0,276.82
47426,29/12/2022,Strength,CF,23,188,82,65,3963.5,61.4,6.0,0,243.36
47406,30/12/2022,Endurance,CB,30,189,86,76,7161.3,93.7,7.0,0,671.01
47407,30/12/2022,Endurance,CB,24,188,89,76,8243.0,107.8,4.0,0,888.6
47409,30/12/2022,Endurance,CM,32,186,78,76,7755.8,101.5,8.0,0,787.21
47410,30/12/2022,Endurance,WF,29,185,80,76,7525.8,98.5,8.0,0,741.29
47411,30/12/2022,Endurance,CAM,25,186,84,76,8064.8,105.5,6.0,0,850.84
47413,30/12/2022,Endurance,WF,26,166,65,76,7371.3,96.4,6.0,0,710.59
47414,30/12/2022,Endurance,CM,30,186,80,76,8206.7,107.4,6.0,0,881.4
47415,30/12/2022,Endurance,CM,27,178,75,76,7915.8,103.6,5.0,0,820.08
47416,30/12/2022,Endurance,FB,23,180,82,76,7639.9,100.0,5.0,0,763.99
47420,30/12/2022,Endurance,WF,27,164,65,76,8353.0,109.9,8.0,1,917.99
47423,30/12/2022,Endurance,CB,36,173,78,76,7475.9,97.8,7.0,0,731.14
47425,30/12/2022,Endurance,FB,30,173,72,76,7442.3,97.4,8.0,0,724.88
47426,30/12/2022,Endurance,CF,23,188,82,76,7314.3,95.7,8.0,0,699.98
47407,31/12/2022,Endurance,CB,24,188,89,57,4181.2,73.9,4.0,0,308.99
47409,31/12/2022,Endurance,CM,32,186,78,56,4464.4,79.8,7.0,0,356.26
47410,31/12/2022,Endurance,WF,29,185,80,57,3509.9,61.6,7.0,0,216.21
47411,31/12/2022,Endurance,CAM,25,186,84,57,3949.8,69.3,4.0,0,273.72
47413,31/12/2022,Endurance,WF,26,166,65,56,4176.9,74.3,4.0,0,310.34
47414,31/12/2022,Endurance,CM,30,186,80,57,4897.7,85.9,5.0,0,420.71
47415,31/12/2022,Endurance,CM,27,178,75,57,4391.9,77.6,4.0,0,340.81
47416,31/12/2022,Endurance,FB,23,180,82,57,4045.3,71.1,4.0,0,287.62
47422,31/12/2022,Endurance,FB,34,173,86,57,1231.9,21.7,4.0,0,26.73
47423,31/12/2022,Endurance,CB,36,173,78,57,4000.1,70.2,5.0,0,280.81
47425,31/12/2022,Endurance,FB,30,173,72,57,4285.5,75.2,6.0,0,322.27
47426,31/12/2022,Endurance,CF,23,188,82,57,3931.6,69.0,7.0,0,271.28
47406,02/01/2023,Endurance,CB,30,189,86,73,5851.4,79.8,5.0,0,466.94
47407,02/01/2023,Endurance,CB,24,188,89,73,6116.9,83.4,3.0,0,510.15
47409,02/01/2023,Endurance,CM,32,186,78,73,6471.9,88.2,7.0,0,570.82
47410,02/01/2023,Endurance,WF,29,185,80,73,5946.3,81.1,8.0,0,482.24
47411,02/01/2023,Endurance,CAM,25,186,84,73,6226.8,84.9,4.0,0,528.66
47413,02/01/2023,Endurance,WF,26,166,65,73,6638.5,90.5,3.0,0,600.78
47414,02/01/2023,Endurance,CM,30,186,80,73,6925.3,94.4,4.0,0,653.75
47415,02/01/2023,Endurance,CM,27,178,75,73,6028.7,82.2,3.0,0,495.56
47416,02/01/2023,Endurance,FB,23,180,82,73,6489.7,88.5,4.0,0,574.34
47422,02/01/2023,Endurance,FB,34,173,86,73,5996.8,81.8,7.0,0,490.54
47423,02/01/2023,Endurance,CB,36,173,78,73,6212.0,84.7,5.0,0,526.16
47425,02/01/2023,Endurance,FB,30,173,72,73,5759.5,78.5,7.0,0,452.12
47426,02/01/2023,Endurance,CF,23,188,82,73,6303.9,85.9,8.0,0,541.51
47427,02/01/2023,Endurance,CDM,30,181,76,73,4813.5,65.6,4.0,0,315.77
47406,03/01/2023,Endurance,CB,30,189,86,82,6589.4,80.4,7.0,0,529.79
47407,03/01/2023,Endurance,CB,24,188,89,82,6984.1,85.2,3.0,0,595.05
47409,03/01/2023,Endurance,CM,32,186,78,82,6706.5,81.8,8.0,0,548.59
47410,03/01/2023,Endurance,WF,29,185,80,74,4049.2,54.9,7.0,0,222.3
47411,03/01/2023,Endurance,CAM,25,186,84,82,7309.2,89.2,6.0,0,651.98
47413,03/01/2023,Endurance,WF,26,166,65,82,6742.7,82.2,3.0,0,554.25
47414,03/01/2023,Endurance,CM,30,186,80,82,7576.9,92.4,5.0,0,700.11
47415,03/01/2023,Endurance,CM,27,178,75,82,7151.4,87.2,3.0,0,623.6
47416,03/01/2023,Endurance,FB,23,180,82,80,6894.3,86.7,5.0,0,597.74
47422,03/01/2023,Endurance,FB,34,173,86,82,6397.7,78.0,8.0,1,499.02
47423,03/01/2023,Endurance,CB,36,173,78,82,6061.3,73.9,6.0,0,447.93
47425,03/01/2023,Endurance,FB,30,173,72,82,6402.3,78.1,8.0,0,500.02
47426,03/01/2023,Endurance,CF,23,188,82,82,7065.1,86.2,8.0,0,609.01
47427,03/01/2023,Endurance,CDM,30,181,76,82,8172.8,99.7,6.0,0,814.83
47406,05/01/2023,Speed,CB,30,189,86,57,4227.5,74.5,4.0,0,314.95
47407,05/01/2023,Speed,CB,24,188,89,57,4311.0,76.0,3.0,0,327.64
47409,05/01/2023,Speed,CM,32,186,78,57,4476.9,78.9,7.0,0,353.23
47410,05/01/2023,Speed,WF,29,185,80,57,4692.2,82.7,6.0,0,388.04
47411,05/01/2023,Speed,CAM,25,186,84,57,4494.9,79.3,4.0,0,356.45
47413,05/01/2023,Speed,WF,26,166,65,57,4469.1,78.9,3.0,0,352.61
47414,05/01/2023,Speed,CM,30,186,80,57,4954.3,87.4,4.0,0,433.01
47415,05/01/2023,Speed,CM,27,178,75,57,4269.9,75.3,3.0,0,321.52
47416,05/01/2023,Speed,FB,23,180,82,57,4291.5,75.7,4.0,0,324.87
47420,05/01/2023,Speed,WF,27,164,65,57,4589.5,80.9,5.0,0,371.29
47423,05/01/2023,Speed,CB,36,173,78,57,4217.3,74.4,4.0,0,313.77
47425,05/01/2023,Speed,FB,30,173,72,57,4548.3,80.2,7.0,0,364.77
47426,05/01/2023,Speed,CF,23,188,82,57,4243.0,74.8,7.0,0,317.38
47427,05/01/2023,Speed,CDM,30,181,76,57,4931.8,87.0,7.0,0,429.07
47406,06/01/2023,Speed,CB,30,189,86,66,3789.4,57.5,3.0,0,217.89
47407,06/01/2023,Speed,CB,24,188,89,66,4279.0,65.0,3.0,0,278.14
47409,06/01/2023,Speed,CM,32,186,78,66,4153.1,63.1,5.0,0,262.06
47410,06/01/2023,Speed,WF,29,185,80,66,3755.5,57.0,5.0,0,214.06
47411,06/01/2023,Speed,CAM,25,186,84,66,4279.0,65.0,3.0,0,278.14
47413,06/01/2023,Speed,WF,26,166,65,66,4056.0,61.6,4.0,0,249.85
47414,06/01/2023,Speed,CM,30,186,80,66,4862.6,73.8,4.0,0,358.86
47415,06/01/2023,Speed,CM,27,178,75,66,3676.3,55.8,3.0,0,205.14
47416,06/01/2023,Speed,FB,23,180,82,66,4146.8,63.0,4.0,0,261.25
47420,06/01/2023,Speed,WF,27,164,65,66,4076.2,61.9,6.0,0,252.32
47423,06/01/2023,Speed,CB,36,173,78,66,3553.8,54.0,4.0,0,191.91
47425,06/01/2023,Speed,FB,30,173,72,66,4099.7,62.3,5.0,0,255.41
47426,06/01/2023,Speed,CF,23,188,82,66,3508.1,53.3,5.0,0,186.98
47427,06/01/2023,Speed,CDM,30,181,76,66,4432.0,67.3,5.0,0,298.27
47410,09/01/2023,Recovery,WF,29,185,80,65,6015.7,92.5,8.0,0,556.45
47420,09/01/2023,Recovery,WF,27,164,65,65,6016.7,92.5,7.0,0,556.54
47422,09/01/2023,Recovery,FB,34,173,86,65,5765.6,88.6,6.0,0,510.83
47423,09/01/2023,Recovery,CB,36,173,78,52,3171.5,61.3,5.0,0,194.41
47426,09/01/2023,Recovery,CF,23,188,82,65,5479.3,84.2,8.0,0,461.36
47406,10/01/2023,Endurance,CB,30,189,86,74,6496.2,87.4,4.0,0,567.77
47409,10/01/2023,Endurance,CM,32,186,78,79,7424.6,94.0,8.0,0,697.91
47410,10/01/2023,Endurance,WF,29,185,80,79,6251.9,79.1,7.0,0,494.53
47411,10/01/2023,Endurance,CAM,25,186,84,79,8174.3,103.5,8.0,1,846.04
47414,10/01/2023,Endurance,CM,30,186,80,79,8457.5,107.1,4.0,0,905.8
47415,10/01/2023,Endurance,CM,27,178,75,79,7616.6,96.4,4.0,0,734.24
47416,10/01/2023,Endurance,FB,23,180,82,79,7328.0,92.8,4.0,0,680.04
47423,10/01/2023,Endurance,CB,36,173,78,79,7572.2,95.9,6.0,0,726.17
47427,10/01/2023,Endurance,CDM,30,181,76,79,8233.0,104.2,7.0,0,857.88
47407,11/01/2023,Speed,CB,24,188,89,57,3185.4,55.5,2.0,0,176.79
47409,11/01/2023,Speed,CM,32,186,78,57,3647.3,63.5,2.0,0,231.6
47410,11/01/2023,Speed,WF,29,185,80,57,3126.8,54.5,2.0,0,170.41
47411,11/01/2023,Speed,CAM,25,186,84,57,3714.5,64.7,2.0,0,240.33
47413,11/01/2023,Speed,WF,26,166,65,57,3509.9,61.1,1.0,0,214.45
47414,11/01/2023,Speed,CM,30,186,80,57,3711.6,64.7,2.0,0,240.14
47415,11/01/2023,Speed,CM,27,178,75,57,3393.8,59.1,1.0,0,200.57
47416,11/01/2023,Speed,FB,23,180,82,56,3495.7,62.1,2.0,0,217.08
47420,11/01/2023,Speed,WF,27,164,65,57,3799.3,66.2,3.0,0,251.51
47422,11/01/2023,Speed,FB,34,173,86,57,3598.6,62.7,2.0,0,225.63
47423,11/01/2023,Speed,CB,36,173,78,57,3227.8,56.2,2.0,0,181.4
47427,11/01/2023,Speed,CDM,30,181,76,57,3690.7,64.3,3.0,0,237.31
47406,16/01/2023,Endurance,CB,30,189,86,61,3595.7,59.0,5.0,0,212.15
47407,16/01/2023,Endurance,CB,24,188,89,61,3910.3,64.2,4.0,0,251.04
47409,16/01/2023,Endurance,CM,32,186,78,61,3849.4,63.2,6.0,0,243.28
47411,16/01/2023,Endurance,CAM,25,186,84,61,4535.9,74.4,4.0,0,337.47
47413,16/01/2023,Endurance,WF,26,166,65,61,3578.3,58.7,4.0,0,210.05
47414,16/01/2023,Endurance,CM,30,186,80,61,4388.1,72.0,4.0,0,315.94
47415,16/01/2023,Endurance,CM,27,178,75,61,3945.6,64.7,3.0,0,255.28
47416,16/01/2023,Endurance,FB,23,180,82,61,4064.2,66.7,4.0,0,271.08
47420,16/01/2023,Endurance,WF,27,164,65,61,4266.7,70.0,7.0,0,298.67
47422,16/01/2023,Endurance,FB,34,173,86,61,4095.6,67.2,8.0,0,275.22
47423,16/01/2023,Endurance,CB,36,173,78,61,3748.3,61.5,5.0,0,230.52
47425,16/01/2023,Endurance,FB,30,173,72,61,3865.6,63.4,7.0,0,245.08
47426,16/01/2023,Endurance,CF,23,188,82,61,3567.9,58.5,6.0,0,208.72
47427,16/01/2023,Endurance,CDM,30,181,76,61,4100.4,67.3,7.0,0,275.96
47406,17/01/2023,Friendly Match,CB,30,189,86,40,3865.7,96.2,5.0,0,371.88
47407,17/01/2023,Friendly Match,CB,24,188,89,52,4943.7,94.8,4.0,0,468.66
47410,17/01/2023,Friendly Match,WF,29,185,80,48,5588.8,116.6,8.0,0,651.65
47411,17/01/2023,Friendly Match,CAM,25,186,84,52,6834.7,131.1,7.0,1,896.03
47413,17/01/2023,Friendly Match,WF,26,166,65,48,5199.2,108.4,5.0,0,563.59
47414,17/01/2023,Friendly Match,CM,30,186,80,83,9062.9,109.6,6.0,0,993.29
47415,17/01/2023,Friendly Match,CM,27,178,75,48,5773.5,120.4,5.0,0,695.13
47416,17/01/2023,Friendly Match,FB,23,180,82,52,6131.0,117.6,5.0,0,721.01
47420,17/01/2023,Friendly Match,WF,27,164,65,83,8947.7,107.8,7.0,1,964.56
47422,17/01/2023,Friendly Match,FB,34,173,86,62,6359.7,102.4,5.0,0,651.23
47425,17/01/2023,Friendly Match,FB,30,173,72,48,5980.0,124.7,7.0,0,745.71
47426,17/01/2023,Friendly Match,CF,23,188,82,48,5064.4,105.6,6.0,0,534.8
47427,17/01/2023,Friendly Match,CDM,30,181,76,48,5823.6,121.5,6.0,0,707.57
47406,19/01/2023,Speed,CB,30,189,86,79,4706.5,59.8,4.0,0,281.45
47407,19/01/2023,Speed,CB,24,188,89,79,4375.8,55.6,4.0,0,243.29
47409,19/01/2023,Speed,CM,32,186,78,79,5323.6,67.6,6.0,0,359.88
47410,19/01/2023,Speed,WF,29,185,80,79,5197.0,66.0,6.0,0,343.0
47411,19/01/2023,Speed,CAM,25,186,84,11,65.5,5.9,4.0,0,0.39
47413,19/01/2023,Speed,WF,26,166,65,79,4884.0,62.0,3.0,0,302.81
47414,19/01/2023,Speed,CM,30,186,80,79,5699.4,72.4,4.0,0,412.64
47415,19/01/2023,Speed,CM,27,178,75,79,5122.1,65.0,4.0,0,332.94
47416,19/01/2023,Speed,FB,23,180,82,79,5523.9,70.1,4.0,0,387.23
47422,19/01/2023,Speed,FB,34,173,86,79,4904.0,62.3,5.0,0,305.52
47423,19/01/2023,Speed,CB,36,173,78,79,4346.0,55.2,4.0,0,239.9
47425,19/01/2023,Speed,FB,30,173,72,79,4658.1,59.2,5.0,0,275.76
47426,19/01/2023,Speed,CF,23,188,82,79,4884.2,62.0,6.0,0,302.82
47427,19/01/2023,Speed,CDM,30,181,76,79,505.3,6.4,3.0,0,3.23
47406,20/01/2023,Activation,CB,30,189,86,59,3498.2,59.1,3.0,0,206.74
47407,20/01/2023,Activation,CB,24,188,89,62,3813.1,61.2,3.0,0,233.36
47409,20/01/2023,Activation,CM,32,186,78,58,3710.0,63.6,5.0,0,235.96
47410,20/01/2023,Activation,WF,29,185,80,64,3693.0,57.3,5.0,0,211.61
47411,20/01/2023,Activation,CAM,25,186,84,53,4157.2,77.8,3.0,0,323.43
47413,20/01/2023,Activation,WF,26,166,65,62,3877.7,62.6,3.0,0,242.74
47414,20/01/2023,Activation,CM,30,186,80,65,4549.7,70.0,3.0,0,318.48
47415,20/01/2023,Activation,CM,27,178,75,62,3810.5,61.0,3.0,0,232.44
47416,20/01/2023,Activation,FB,23,180,82,62,4170.5,67.1,4.0,0,279.84
47420,20/01/2023,Activation,WF,27,164,65,61,4180.4,68.3,6.0,0,285.52
47422,20/01/2023,Activation,FB,34,173,86,60,3448.8,57.9,3.0,0,199.69
47425,20/01/2023,Activation,FB,30,173,72,57,3496.3,60.9,5.0,0,212.92
47426,20/01/2023,Activation,CF,23,188,82,61,3671.3,60.3,6.0,0,221.38
47427,20/01/2023,Activation,CDM,30,181,76,60,3676.8,61.0,6.0,0,224.28
47406,24/01/2023,Strength,CB,30,189,86,70,4494.5,63.9,3.0,0,287.2
47407,24/01/2023,Strength,CB,24,188,89,70,4916.0,69.9,3.0,0,343.63
47409,24/01/2023,Strength,CM,32,186,78,70,5141.2,73.1,7.0,0,375.82
47411,24/01/2023,Strength,CAM,25,186,84,70,5171.1,73.5,5.0,0,380.08
47413,24/01/2023,Strength,WF,26,166,65,70,4684.3,66.6,4.0,0,311.97
47415,24/01/2023,Strength,CM,27,178,75,70,4662.9,66.3,4.0,0,309.15
47416,24/01/2023,Strength,FB,23,180,82,70,4793.8,68.1,4.0,0,326.46
47420,24/01/2023,Strength,WF,27,164,65,70,4810.9,68.5,6.0,0,329.55
47422,24/01/2023,Strength,FB,34,173,86,70,4511.5,64.1,5.0,0,289.19
47423,24/01/2023,Strength,CB,36,173,78,70,4387.0,62.3,5.0,0,273.31
47425,24/01/2023,Strength,FB,30,173,72,69,4498.5,65.3,6.0,0,293.75
47427,24/01/2023,Strength,CDM,30,181,76,70,4926.9,70.3,6.0,0,346.36
47406,25/01/2023,Endurance,CB,30,189,86,74,5878.3,78.9,5.0,0,463.8
47407,25/01/2023,Endurance,CB,24,188,89,74,5854.5,78.6,4.0,0,460.16
47409,25/01/2023,Endurance,CM,32,186,78,74,6438.6,86.4,7.0,0,556.3
47410,25/01/2023,Endurance,WF,29,185,80,74,5772.3,77.5,7.0,0,447.35
47411,25/01/2023,Endurance,CAM,25,186,84,74,7007.1,94.1,4.0,0,659.37
47413,25/01/2023,Endurance,WF,26,166,65,74,5958.6,80.0,4.0,0,476.69
47414,25/01/2023,Endurance,CM,30,186,80,74,7074.9,95.0,5.0,0,672.12
47415,25/01/2023,Endurance,CM,27,178,75,74,6711.6,90.1,4.0,0,604.72
47416,25/01/2023,Endurance,FB,23,180,82,74,6081.7,81.7,5.0,0,496.87
47420,25/01/2023,Endurance,WF,27,164,65,74,6680.0,89.7,6.0,0,599.2
47422,25/01/2023,Endurance,FB,34,173,86,74,5792.0,77.8,5.0,0,450.62
47423,25/01/2023,Endurance,CB,36,173,78,74,5803.5,77.9,5.0,0,452.09
47425,25/01/2023,Endurance,FB,30,173,72,74,5913.0,79.4,7.0,0,469.49
47426,25/01/2023,Endurance,CF,23,188,82,32,2251.0,70.5,6.0,0,158.7
47427,25/01/2023,Endurance,CDM,30,181,76,74,6970.5,93.6,7.0,0,652.44
47406,26/01/2023,Speed,CB,30,189,86,60,3109.1,51.5,2.0,0,160.12
47409,26/01/2023,Speed,CM,32,186,78,62,3662.1,58.6,4.0,0,214.6
47410,26/01/2023,Speed,WF,29,185,80,62,3322.2,53.2,5.0,0,176.74
47411,26/01/2023,Speed,CAM,25,186,84,62,3603.8,57.7,3.0,0,207.94
47413,26/01/2023,Speed,WF,26,166,65,47,2088.1,44.3,1.0,0,92.5
47414,26/01/2023,Speed,CM,30,186,80,62,3992.3,63.9,2.0,0,255.11
47415,26/01/2023,Speed,CM,27,178,75,60,3456.4,57.7,2.0,0,199.43
47416,26/01/2023,Speed,FB,23,180,82,62,3681.2,59.4,4.0,0,218.66
47420,26/01/2023,Speed,WF,27,164,65,62,3728.2,59.7,5.0,0,222.57
47422,26/01/2023,Speed,FB,34,173,86,62,3979.6,63.7,3.0,0,253.5
47423,26/01/2023,Speed,CB,36,173,78,62,3290.1,52.7,3.0,0,173.39
47425,26/01/2023,Speed,FB,30,173,72,60,3432.7,57.1,5.0,0,196.01
47426,26/01/2023,Speed,CF,23,188,82,62,3501.3,56.1,7.0,0,196.42
47427,26/01/2023,Speed,CDM,30,181,76,62,3728.8,59.7,7.0,0,222.61
47409,30/01/2023,Recovery,CM,32,186,78,39,2771.8,70.5,4.0,0,195.41
47410,30/01/2023,Recovery,WF,29,185,80,39,2627.4,66.8,5.0,0,175.51
47411,30/01/2023,Recovery,CAM,25,186,84,47,3588.1,75.8,3.0,0,271.98
47413,30/01/2023,Recovery,WF,26,166,65,26,1702.1,66.1,1.0,0,112.51
47414,30/01/2023,Recovery,CM,30,186,80,39,2984.6,75.9,2.0,0,226.53
47420,30/01/2023,Recovery,WF,27,164,65,39,2882.9,73.3,4.0,0,211.32
47422,30/01/2023,Recovery,FB,34,173,86,47,3602.1,76.1,7.0,0,274.12
47425,30/01/2023,Recovery,FB,30,173,72,39,2414.2,61.4,5.0,0,148.23
47426,30/01/2023,Recovery,CF,23,188,82,47,3352.2,70.8,4.0,0,237.34
47427,30/01/2023,Recovery,CDM,30,181,76,39,2803.9,71.3,4.0,0,199.92
47406,31/01/2023,Strength,CB,30,189,86,61,2972.3,48.5,3.0,0,144.16
47407,31/01/2023,Strength,CB,24,188,89,61,3167.0,51.6,4.0,0,163.42
47409,31/01/2023,Strength,CM,32,186,78,61,3839.8,62.6,8.0,0,240.37
47410,31/01/2023,Strength,WF,29,185,80,61,3452.1,56.3,7.0,0,194.35
47411,31/01/2023,Strength,CAM,25,186,84,61,3766.5,61.4,4.0,0,231.26
47413,31/01/2023,Strength,WF,26,166,65,61,2926.2,47.7,4.0,0,139.58
47414,31/01/2023,Strength,CM,30,186,80,61,3806.0,62.1,4.0,0,236.35
47415,31/01/2023,Strength,CM,27,178,75,61,3681.6,60.0,4.0,0,220.9
47416,31/01/2023,Strength,FB,23,180,82,61,3494.3,57.0,4.0,0,199.18
47420,31/01/2023,Strength,WF,27,164,65,61,3569.7,58.2,6.0,0,207.76
47422,31/01/2023,Strength,FB,34,173,86,61,3714.7,60.6,5.0,0,225.11
47423,31/01/2023,Strength,CB,36,173,78,61,463.0,7.5,5.0,0,3.47
47425,31/01/2023,Strength,FB,30,173,72,61,3592.9,58.6,7.0,0,210.54
47426,31/01/2023,Strength,CF,23,188,82,61,3442.9,56.1,8.0,0,193.15
47427,31/01/2023,Strength,CDM,30,181,76,61,3569.6,58.5,6.0,0,208.82
47407,01/02/2023,Endurance ,CB,24,188,89,80,6103.0,76.8,4.0,0,468.71
47409,01/02/2023,Endurance ,CM,32,186,78,89,7105.7,80.2,8.0,0,569.88
47411,01/02/2023,Endurance ,CAM,25,186,84,89,7318.6,82.6,5.0,0,604.52
47415,01/02/2023,Endurance ,CM,27,178,75,89,6958.9,78.5,5.0,0,546.27
47416,01/02/2023,Endurance ,FB,23,180,82,89,6633.1,74.8,5.0,0,496.16
47420,01/02/2023,Endurance ,WF,27,164,65,89,6520.6,73.6,7.0,0,479.92
47425,01/02/2023,Endurance ,FB,30,173,72,89,6651.9,75.0,8.0,0,498.89
47426,01/02/2023,Endurance ,CF,23,188,82,89,6296.2,71.0,8.0,0,447.03
47427,01/02/2023,Endurance ,CDM,30,181,76,89,7111.3,80.2,7.0,0,570.33
47407,03/02/2023,Speed,CB,24,188,89,54,2331.6,42.8,2.0,0,99.79
47409,03/02/2023,Speed,CM,32,186,78,54,2633.5,48.4,6.0,0,127.46
47410,03/02/2023,Speed,WF,29,185,80,54,2291.6,42.1,6.0,0,96.48
47411,03/02/2023,Speed,CAM,25,186,84,54,2948.8,54.2,3.0,0,159.82
47413,03/02/2023,Speed,WF,26,166,65,54,2392.6,44.0,3.0,0,105.27
47414,03/02/2023,Speed,CM,30,186,80,54,2948.2,54.2,2.0,0,159.79
47415,03/02/2023,Speed,CM,27,178,75,54,2649.7,48.7,3.0,0,129.04
47420,03/02/2023,Speed,WF,27,164,65,54,2671.1,49.1,2.0,0,131.15
47422,03/02/2023,Speed,FB,34,173,86,54,2818.7,51.8,3.0,0,146.01
47423,03/02/2023,Speed,CB,36,173,78,54,2312.0,42.5,3.0,0,98.26
47425,03/02/2023,Speed,FB,30,173,72,54,2723.0,50.0,6.0,0,136.15
47426,03/02/2023,Speed,CF,23,188,82,54,2638.0,48.5,8.0,0,127.94
47427,03/02/2023,Speed,CDM,30,181,76,54,2997.9,55.1,5.0,0,165.18
47406,08/02/2023,Endurance,CB,30,189,86,64,5311.5,82.7,4.0,0,439.26
47409,08/02/2023,Endurance,CM,32,186,78,84,8139.9,96.6,8.0,0,786.31
47410,08/02/2023,Endurance,WF,29,185,80,84,6994.1,83.0,7.0,0,580.51
47411,08/02/2023,Endurance,CAM,25,186,84,74,6531.6,88.0,5.0,0,574.78
47413,08/02/2023,Endurance,WF,26,166,65,84,7356.7,87.3,5.0,0,642.24
47414,08/02/2023,Endurance,CM,30,186,80,84,8929.6,106.3,5.0,1,949.22
47415,08/02/2023,Endurance,CM,27,178,75,84,8341.7,99.0,6.0,0,825.83
47416,08/02/2023,Endurance,FB,23,180,82,84,7918.8,94.0,5.0,0,744.37
47422,08/02/2023,Endurance,FB,34,173,86,84,7855.5,93.2,6.0,0,732.13
47423,08/02/2023,Endurance,CB,36,173,78,84,7912.8,93.9,6.0,0,743.01
47425,08/02/2023,Endurance,FB,30,173,72,84,7441.7,88.7,7.0,0,660.08
47426,08/02/2023,Endurance,CF,23,188,82,84,7799.9,92.6,8.0,0,722.27
47427,08/02/2023,Endurance,CDM,30,181,76,84,8736.2,104.0,9.0,1,908.56
47407,13/02/2023,Endurance,CB,24,188,89,62,5297.6,85.2,3.0,0,451.36
47409,13/02/2023,Endurance,CM,32,186,78,62,5215.8,83.9,8.0,0,437.61
47410,13/02/2023,Endurance,WF,29,185,80,62,4920.0,79.1,7.0,0,389.17
47411,13/02/2023,Endurance,CAM,25,186,84,62,4869.5,78.3,3.0,0,381.28
47414,13/02/2023,Endurance,CM,30,186,80,62,5457.5,87.8,4.0,0,479.17
47415,13/02/2023,Endurance,CM,27,178,75,62,4769.3,76.7,3.0,0,365.81
47416,13/02/2023,Endurance,FB,23,180,82,62,4887.0,78.6,4.0,0,384.12
47423,13/02/2023,Endurance,CB,36,173,78,62,4593.7,73.9,3.0,0,339.47
47425,13/02/2023,Endurance,FB,30,173,72,55,3562.5,65.0,6.0,0,231.56
47426,13/02/2023,Endurance,CF,23,188,82,62,5036.0,81.0,8.0,0,407.92
47406,14/02/2023,Speed,CB,30,189,86,61,4352.7,71.2,2.0,0,309.91
47407,14/02/2023,Speed,CB,24,188,89,61,4984.7,81.5,3.0,0,406.25
47409,14/02/2023,Speed,CM,32,186,78,61,4912.2,80.4,6.0,0,394.94
47410,14/02/2023,Speed,WF,29,185,80,60,4820.3,79.8,6.0,0,384.66
47411,14/02/2023,Speed,CAM,25,186,84,61,4901.8,80.2,3.0,0,393.12
47414,14/02/2023,Speed,CM,30,186,80,61,4715.7,77.1,3.0,0,363.58
47415,14/02/2023,Speed,CM,27,178,75,61,4490.1,73.4,3.0,0,329.57
47420,14/02/2023,Speed,WF,27,164,65,60,7071.7,117.85,8.0,1,833.4
47422,14/02/2023,Speed,FB,34,173,86,61,4844.8,79.2,4.0,0,383.71
47423,14/02/2023,Speed,CB,36,173,78,61,4939.6,80.8,4.0,0,399.12
47427,14/02/2023,Speed,CDM,30,181,76,61,4405.7,72.1,6.0,0,317.65
47406,17/02/2023,Endurance ,CB,30,189,86,49,3326.1,67.6,3.0,0,224.84
47409,17/02/2023,Endurance ,CM,32,186,78,49,3694.2,75.1,5.0,0,277.43
47410,17/02/2023,Endurance ,WF,29,185,80,49,3784.5,76.9,5.0,0,291.03
47411,17/02/2023,Endurance ,CAM,25,186,84,49,3945.6,80.2,3.0,0,316.44
47413,17/02/2023,Endurance ,WF,26,166,65,49,3328.7,67.6,3.0,0,225.02
47414,17/02/2023,Endurance ,CM,30,186,80,49,4115.3,83.6,4.0,0,344.04
47415,17/02/2023,Endurance ,CM,27,178,75,49,3676.3,74.7,3.0,0,274.62
47416,17/02/2023,Endurance ,FB,23,180,82,49,3686.6,74.9,3.0,0,276.13
47422,17/02/2023,Endurance ,FB,34,173,86,49,3769.0,76.6,3.0,0,288.71
47423,17/02/2023,Endurance ,CB,36,173,78,49,3175.5,64.5,4.0,0,204.82
47425,17/02/2023,Endurance ,FB,30,173,72,49,3226.9,65.6,4.0,0,211.68
47426,17/02/2023,Endurance ,CF,23,188,82,49,3497.4,71.1,5.0,0,248.67
47427,17/02/2023,Endurance ,CDM,30,181,76,49,3920.5,79.7,5.0,0,312.46
47406,18/02/2023,Activation,CB,30,189,86,49,3197.85,65.3,2.0,0,208.82
47409,18/02/2023,Activation,CM,32,186,78,49,3151.03,64.3,2.0,0,202.61
47410,18/02/2023,Activation,WF,29,185,80,49,3382.12,69.0,3.0,0,233.37
47411,18/02/2023,Activation,CAM,25,186,84,49,3248.37,66.3,2.0,0,215.37
47413,18/02/2023,Activation,WF,26,166,65,49,3194.79,65.2,2.0,0,208.3
47414,18/02/2023,Activation,CM,30,186,80,49,3141.2,64.1,2.0,0,201.35
47415,18/02/2023,Activation,CM,27,178,75,49,3194.47,65.2,2.0,0,208.28
47416,18/02/2023,Activation,FB,23,180,82,49,3455.44,70.5,3.0,0,243.61
47422,18/02/2023,Activation,FB,34,173,86,49,3133.47,63.9,3.0,0,200.23
47423,18/02/2023,Activation,CB,36,173,78,49,3371.79,68.8,2.0,0,231.98
47425,18/02/2023,Activation,FB,30,173,72,49,3028.11,61.8,2.0,0,187.14
47426,18/02/2023,Activation,CF,23,188,82,49,3277.83,66.9,3.0,0,219.29
47427,18/02/2023,Activation,CDM,30,181,76,49,3187.7,65.0,2.0,0,207.2
47413,22/02/2023,Strength,WF,26,166,65,71,5000.3,70.4,5.0,0,352.02
47414,22/02/2023,Strength,CM,30,186,80,71,5117.1,72.1,4.0,0,368.94
47415,22/02/2023,Strength,CM,27,178,75,71,4879.9,68.7,5.0,0,335.25
47416,22/02/2023,Strength,FB,23,180,82,71,4902.2,69.0,4.0,0,338.25
47422,22/02/2023,Strength,FB,34,173,86,71,4681.0,65.9,5.0,0,308.48
47423,22/02/2023,Strength,CB,36,173,78,71,4939.5,69.6,5.0,0,343.79
47425,22/02/2023,Strength,FB,30,173,72,71,4730.3,66.6,7.0,0,315.04
47426,22/02/2023,Strength,CF,23,188,82,71,4649.5,65.5,8.0,0,304.54
47427,22/02/2023,Strength,CDM,30,181,76,71,4942.3,69.6,7.0,0,343.98
47406,23/02/2023,Endurance,CB,30,189,86,75,6104.4,80.9,4.0,0,493.85
47409,23/02/2023,Endurance,CM,32,186,78,75,6700.5,88.7,7.0,0,594.33
47411,23/02/2023,Endurance,CAM,25,186,84,75,6721.1,89.0,4.0,0,598.18
47413,23/02/2023,Endurance,WF,26,166,65,75,6407.4,84.9,4.0,0,543.99
47414,23/02/2023,Endurance,CM,30,186,80,55,4833.2,87.2,4.0,0,421.46
47415,23/02/2023,Endurance,CM,27,178,75,75,6856.9,90.8,4.0,0,622.61
47416,23/02/2023,Endurance,FB,23,180,82,75,6793.6,90.0,4.0,0,611.42
47422,23/02/2023,Endurance,FB,34,173,86,75,6071.9,80.4,4.0,0,488.18
47425,23/02/2023,Endurance,FB,30,173,72,75,6033.5,79.9,7.0,0,482.08
47426,23/02/2023,Endurance,CF,23,188,82,75,6250.8,82.8,7.0,0,517.57
47406,24/02/2023,Speed,CB,30,189,86,61,4058.3,66.6,2.0,0,270.28
47407,24/02/2023,Speed,CB,24,188,89,61,4535.7,74.4,2.0,0,337.46
47409,24/02/2023,Speed,CM,32,186,78,61,4329.8,71.1,3.0,0,307.85
47410,24/02/2023,Speed,WF,29,185,80,61,4581.7,75.2,2.0,0,344.54
47411,24/02/2023,Speed,CAM,25,186,84,61,4456.2,73.1,2.0,0,325.75
47413,24/02/2023,Speed,WF,26,166,65,52,2763.0,53.4,2.0,0,147.54
47414,24/02/2023,Speed,CM,30,186,80,61,5120.3,84.0,7.0,1,430.11
47415,24/02/2023,Speed,CM,27,178,75,61,4272.0,70.1,2.0,0,299.47
47416,24/02/2023,Speed,FB,23,180,82,61,4736.3,77.7,2.0,0,368.01
47423,24/02/2023,Speed,CB,36,173,78,61,4346.3,71.3,3.0,0,309.89
47425,24/02/2023,Speed,FB,30,173,72,61,4649.0,76.3,3.0,0,354.72
47426,24/02/2023,Speed,CF,23,188,82,61,4351.8,71.4,3.0,0,310.72
47427,24/02/2023,Speed,CDM,30,181,76,61,4714.2,77.4,3.0,0,364.88
47409,01/03/2023,Strength,CM,32,186,78,75,5695.5,76.0,9.0,0,432.86
47410,01/03/2023,Strength,WF,29,185,80,75,5092.0,67.9,8.0,0,345.75
47416,01/03/2023,Strength,FB,23,180,82,63,4321.3,68.1,6.0,0,294.28
47420,01/03/2023,Strength,WF,27,164,65,75,5912.2,78.8,7.0,0,465.88
47422,01/03/2023,Strength,FB,34,173,86,75,5251.0,70.0,9.0,0,367.57
47423,01/03/2023,Strength,CB,36,173,78,75,5378.8,71.7,5.0,0,385.66
47425,01/03/2023,Strength,FB,30,173,72,75,5358.0,71.5,9.0,0,383.1
47426,01/03/2023,Strength,CF,23,188,82,75,5119.9,68.3,6.0,0,349.69
47427,01/03/2023,Strength,CDM,30,181,76,75,5910.2,78.8,7.0,0,465.72
47409,02/03/2023,Endurance ,CM,32,186,78,72,6489.1,90.5,9.0,0,587.26
47410,02/03/2023,Endurance ,WF,29,185,80,72,6243.8,87.1,9.0,0,543.83
47416,02/03/2023,Endurance ,FB,23,180,82,72,6130.9,85.5,5.0,0,524.19
47420,02/03/2023,Endurance ,WF,27,164,65,72,6563.4,91.6,7.0,0,601.21
47422,02/03/2023,Endurance ,FB,34,173,86,72,6184.6,86.3,6.0,0,533.73
47425,02/03/2023,Endurance,FB,30,173,72,72,6146.7,85.8,9.0,1,527.39
47426,02/03/2023,Endurance,CF,23,188,82,72,6108.7,85.2,8.0,0,520.46
47427,02/03/2023,Endurance,CDM,30,181,76,72,6844.6,95.5,8.0,1,653.66
47409,07/03/2023,Endurance,CM,32,186,78,70,4634.7,66.2,4.0,0,306.82
47410,07/03/2023,Strength,WF,29,185,80,70,4628.34,66.1,2.0,0,305.93
47411,07/03/2023,Strength,CAM,25,186,84,70,4670.2,66.7,2.0,0,311.5
47413,07/03/2023,Strength,WF,26,166,65,70,4650.5,66.4,1.0,0,308.79
47414,07/03/2023,Strength,CM,30,186,80,70,4878.5,69.7,3.0,0,340.03
47415,07/03/2023,Strength,CM,27,178,75,70,4801.76,68.6,1.0,0,329.4
47416,07/03/2023,Strength,FB,23,180,82,70,4737.9,67.7,3.0,0,320.76
47420,07/03/2023,Strength,WF,27,164,65,70,4680.4,66.9,3.0,0,313.12
47422,07/03/2023,Strength,FB,34,173,86,70,4638.6,66.3,4.0,0,307.54
47423,07/03/2023,Strength,CB,36,173,78,70,4518.2,64.5,1.0,0,291.42
47425,07/03/2023,Strength,FB,30,173,72,70,1552.0,22.2,1.0,0,34.45
47426,07/03/2023,Strength,CF,23,188,82,70,4580.1,65.4,2.0,0,299.54
47409,08/03/2023,Endurance,CM,32,186,78,80,7253.8,90.7,7.0,0,657.92
47410,08/03/2023,Endurance,WF,29,185,80,80,6779.7,84.7,8.0,0,574.24
47411,08/03/2023,Endurance,CAM,25,186,84,80,7747.2,96.8,5.0,0,749.93
47413,08/03/2023,Endurance,WF,26,166,65,80,6979.7,87.2,5.0,0,608.63
47414,08/03/2023,Endurance,CM,30,186,80,80,7826.5,97.8,5.0,0,765.43
47415,08/03/2023,Endurance,CM,27,178,75,80,7382.6,92.3,4.0,0,681.41
47416,08/03/2023,Endurance,FB,23,180,82,80,7271.9,90.9,5.0,0,661.02
47420,08/03/2023,Endurance,WF,27,164,65,80,7441.8,93.0,7.0,0,692.09
47422,08/03/2023,Endurance,FB,34,173,86,80,7048.2,88.1,3.0,0,620.95
47423,08/03/2023,Endurance,CB,36,173,78,80,7105.0,88.8,6.0,0,630.92
47425,08/03/2023,Endurance,FB,30,173,72,29,1712.6,59.1,3.0,0,101.21
47426,08/03/2023,Endurance,CF,23,188,82,80,6579.2,82.2,7.0,0,540.81
47427,08/03/2023,Endurance,CDM,30,181,76,80,7733.8,96.7,7.0,0,747.86
47406,09/03/2023,Speed,CB,30,189,86,63,3575.9,56.9,3.0,0,203.47
47410,09/03/2023,Speed,WF,29,185,80,63,4320.7,68.7,5.0,0,296.83
47411,09/03/2023,Speed,CAM,25,186,84,63,5328.6,84.8,4.0,0,451.87
47413,09/03/2023,Speed,WF,26,166,65,63,3845.7,61.2,3.0,0,235.36
47414,09/03/2023,Speed,CM,30,186,80,63,5374.4,85.5,3.0,0,459.51
47415,09/03/2023,Speed,CM,27,178,75,63,4631.9,73.7,3.0,0,341.37
47416,09/03/2023,Speed,FB,23,180,82,63,4460.8,71.0,3.0,0,316.72
47420,09/03/2023,Speed,WF,27,164,65,63,4818.5,76.6,4.0,0,369.1
47422,09/03/2023,Speed,FB,34,173,86,63,4654.5,74.0,3.0,0,344.43
47423,09/03/2023,Speed,CB,36,173,78,63,4250.3,67.6,3.0,0,287.32
47426,09/03/2023,Speed,CF,23,188,82,63,4320.7,68.7,4.0,0,296.83
47427,09/03/2023,Speed,CDM,30,181,76,63,5143.6,81.8,5.0,0,420.75
47407,17/03/2023,Endurance,CB,24,188,89,73,6245.8,85.5,5.0,0,534.02
47410,17/03/2023,Endurance,WF,29,185,80,73,5596.3,76.6,7.0,0,428.68
47411,17/03/2023,Endurance,CAM,25,186,84,73,6719.9,91.9,5.0,0,617.56
47416,17/03/2023,Endurance,FB,23,180,82,73,6304.9,86.3,5.0,0,544.11
47420,17/03/2023,Endurance,WF,27,164,65,73,6714.4,91.9,7.0,0,617.05
47422,17/03/2023,Endurance,FB,34,173,86,73,6207.2,84.9,6.0,0,526.99
47425,17/03/2023,Endurance,FB,30,173,72,73,5450.3,74.6,5.0,0,406.59
47407,20/03/2023,Endurance,CB,24,188,89,74,6778.4,91.0,4.0,0,616.83
47409,20/03/2023,Endurance,CM,32,186,78,89,7113.2,80.0,8.0,0,569.06
47410,20/03/2023,Endurance,WF,29,185,80,88,6998.4,79.3,7.0,0,554.97
47411,20/03/2023,Endurance,CAM,25,186,84,89,8656.9,97.3,7.0,1,842.32
47416,20/03/2023,Endurance,FB,23,180,82,89,7526.4,84.7,4.0,0,637.49
47420,20/03/2023,Endurance,WF,27,164,65,89,8387.8,94.4,5.0,0,791.81
47423,20/03/2023,Endurance,CB,36,173,78,74,6548.8,87.9,4.0,0,575.64
47425,20/03/2023,Endurance,FB,30,173,72,73,3707.9,50.5,5.0,0,187.25
47407,21/03/2023,Endurance,CB,24,188,89,46,3649.8,78.8,4.0,0,287.6
47409,21/03/2023,Endurance,CM,32,186,78,46,3712.0,81.5,7.0,0,302.53
47410,21/03/2023,Endurance,WF,29,185,80,9,667.0,75.2,5.0,0,50.16
47415,21/03/2023,Endurance,CM,27,178,75,45,3632.8,81.1,4.0,0,294.62
47416,21/03/2023,Endurance,FB,23,180,82,46,3470.3,75.0,4.0,0,260.27
47422,21/03/2023,Endurance,FB,34,173,86,46,3728.1,81.2,7.0,0,302.72
47423,21/03/2023,Endurance,CB,36,173,78,46,3541.5,76.5,5.0,0,270.92
47426,21/03/2023,Endurance,CF,23,188,82,46,3678.4,80.1,7.0,0,294.64
47407,22/03/2023,Speed,CB,24,188,89,52,3712.0,71.2,3.0,0,264.29
47409,22/03/2023,Speed,CM,32,186,78,52,3919.5,75.1,6.0,0,294.35
47410,22/03/2023,Speed,WF,29,185,80,52,3259.2,62.5,5.0,0,203.7
47415,22/03/2023,Speed,CM,27,178,75,52,3148.6,60.4,3.0,0,190.18
47416,22/03/2023,Speed,FB,23,180,82,52,3893.0,74.6,4.0,0,290.42
47420,22/03/2023,Speed,WF,27,164,65,52,3923.9,75.2,5.0,0,295.08
47422,22/03/2023,Speed,FB,34,173,86,52,3678.4,70.7,4.0,0,260.06
47423,22/03/2023,Speed,CB,36,173,78,52,3636.5,69.7,4.0,0,253.46
47426,22/03/2023,Speed,CF,23,188,82,52,3926.6,75.3,5.0,0,295.67
47427,22/03/2023,Speed,CDM,30,181,76,52,4078.3,78.2,5.0,0,318.92
47407,24/03/2023,Activation,CB,24,188,89,54,1865.0,34.5,1.0,0,64.34
47409,24/03/2023,Activation,CM,32,186,78,54,2211.8,40.9,3.0,0,90.46
47410,24/03/2023,Activation,WF,29,185,80,54,2543.4,47.0,3.0,0,119.54
47411,24/03/2023,Activation,CAM,25,186,84,54,2544.4,47.0,1.0,0,119.59
47416,24/03/2023,Activation,FB,23,180,82,54,2165.2,40.0,2.0,0,86.61
47420,24/03/2023,Activation,WF,27,164,65,54,2037.4,37.6,3.0,0,76.61
47422,24/03/2023,Activation,FB,34,173,86,54,2262.6,41.8,1.0,0,94.58
47423,24/03/2023,Activation,CB,36,173,78,54,2189.7,40.5,1.0,0,88.68
47426,24/03/2023,Activation,CF,23,188,82,54,1908.4,35.3,2.0,0,67.37
47407,27/03/2023,Strength,CB,24,188,89,79,5477.8,69.1,3.0,0,378.52
47409,27/03/2023,Strength,CM,32,186,78,79,5943.9,75.0,7.0,0,445.79
47410,27/03/2023,Strength,WF,29,185,80,79,5698.4,71.9,8.0,0,409.71
47414,27/03/2023,Strength,CM,30,186,80,79,6552.9,83.3,4.0,0,545.86
47415,27/03/2023,Strength,CM,27,178,75,26,1780.4,68.7,2.0,0,122.31
47416,27/03/2023,Strength,FB,23,180,82,79,5866.7,74.0,4.0,0,434.14
47420,27/03/2023,Strength,WF,27,164,65,79,6329.7,80.0,6.0,0,506.38
47422,27/03/2023,Strength,FB,34,173,86,79,4574.5,57.7,3.0,0,263.95
47423,27/03/2023,Strength,CB,36,173,78,79,5529.4,69.7,4.0,0,385.4
47426,27/03/2023,Strength,CF,23,188,82,79,5819.6,73.4,8.0,0,427.16
47407,28/03/2023,Endurance,CB,24,188,89,79,5281.3,66.8,3.0,0,352.79
47409,28/03/2023,Endurance,CM,32,186,78,79,5370.8,68.0,7.0,0,365.21
47410,28/03/2023,Endurance,WF,29,185,80,78,5302.6,67.6,8.0,0,358.46
47415,28/03/2023,Endurance,CM,27,178,75,79,5439.0,69.1,3.0,0,375.83
47416,28/03/2023,Endurance,FB,23,180,82,79,5759.2,72.9,5.0,0,419.85
47420,28/03/2023,Endurance,WF,27,164,65,79,5787.5,73.3,6.0,0,424.22
47422,28/03/2023,Endurance,FB,34,173,86,79,3864.0,48.9,3.0,0,188.95
47423,28/03/2023,Endurance,CB,36,173,78,79,4879.4,61.8,4.0,0,301.55
47426,28/03/2023,Endurance,CF,23,188,82,79,5280.1,66.8,6.0,0,352.71
47406,29/03/2023,Endurance,CB,30,189,86,72,5643.3,78.5,3.0,0,443.0
47407,29/03/2023,Endurance,CB,24,188,89,73,6127.2,84.1,3.0,0,515.3
47409,29/03/2023,Endurance,CM,32,186,78,73,6230.8,85.4,7.0,0,532.11
47410,29/03/2023,Endurance,WF,29,185,80,73,5945.3,81.5,9.0,0,484.54
47411,29/03/2023,Endurance,CAM,25,186,84,72,7181.8,99.9,5.0,0,717.46
47414,29/03/2023,Endurance,CM,30,186,80,73,7179.3,98.4,3.0,0,706.44
47415,29/03/2023,Endurance,CM,27,178,75,73,6764.6,92.7,4.0,0,627.08
47416,29/03/2023,Endurance,FB,23,180,82,73,6551.6,90.2,5.0,0,590.95
47420,29/03/2023,Endurance,WF,27,164,65,72,6455.8,89.1,6.0,0,575.21
47423,29/03/2023,Endurance,CB,36,173,78,73,6165.7,84.5,6.0,0,521.0
47427,29/03/2023,Endurance,CDM,30,181,76,73,6393.2,87.6,6.0,0,560.04
47406,30/03/2023,Speed,CB,30,189,86,73,4073.7,56.1,6.0,1,228.53
47407,30/03/2023,Speed,CB,24,188,89,74,5132.7,69.4,3.0,0,356.21
47409,30/03/2023,Speed,CM,32,186,78,74,5143.6,69.5,6.0,0,357.48
47410,30/03/2023,Speed,WF,29,185,80,74,4824.9,65.5,7.0,0,316.03
47411,30/03/2023,Speed,CAM,25,186,84,73,5581.4,76.7,3.0,0,428.09
47414,30/03/2023,Speed,CM,30,186,80,74,6067.2,82.0,3.0,0,497.51
47415,30/03/2023,Speed,CM,27,178,75,73,4773.2,65.4,3.0,0,312.17
47416,30/03/2023,Speed,FB,23,180,82,74,5710.0,77.2,3.0,0,440.81
47423,30/03/2023,Speed,CB,36,173,78,74,4424.8,59.8,4.0,0,264.6
47426,30/03/2023,Speed,CF,23,188,82,74,5491.0,74.4,7.0,0,408.53
47427,30/03/2023,Speed,CDM,30,181,76,74,6052.6,81.8,7.0,0,495.1
